Date,CO_ppm,NO2_ppb,PM25_ugm3,YearMonth
2017-01-01,0.4,17.8,5.7,2017-01
2017-01-02,0.5,32.7,4.2,2017-01
2017-01-03,0.4,26.4,3.6,2017-01
2017-01-04,0.6,37.4,4.9,2017-01
2017-01-05,1.1,51.0,12.2,2017-01
2017-01-06,1.1,45.7,11.8,2017-01
2017-01-07,0.9,50.7,6.1,2017-01
2017-01-08,0.8,45.5,6.2,2017-01
2017-01-09,0.7,43.0,6.2,2017-01
2017-01-10,0.5,21.9,4.0,2017-01
2017-01-11,0.6,35.3,5.4,2017-01
2017-01-12,0.7,45.5,7.7,2017-01
2017-01-13,0.5,34.5,7.9,2017-01
2017-01-14,1.0,38.6,11.4,2017-01
2017-01-15,1.5,43.9,25.3,2017-01
2017-01-16,1.5,46.3,21.0,2017-01
2017-01-17,0.9,,11.1,2017-01
2017-01-18,0.7,,1.9,2017-01
2017-01-19,0.5,36.0,3.8,2017-01
2017-01-20,0.6,35.3,4.3,2017-01
2017-01-21,0.9,34.9,10.8,2017-01
2017-01-22,0.5,34.4,4.4,2017-01
2017-01-23,0.8,31.5,6.0,2017-01
2017-01-24,1.0,41.8,15.0,2017-01
2017-01-25,1.1,27.3,16.7,2017-01
2017-01-26,0.8,,13.5,2017-01
2017-01-27,0.8,,7.2,2017-01
2017-01-28,0.7,40.7,7.4,2017-01
2017-01-29,0.6,25.9,7.4,2017-01
2017-01-30,0.5,23.8,4.7,2017-01
2017-01-31,0.4,24.9,3.0,2017-01
2017-02-01,0.4,25.7,2.7,2017-02
2017-02-02,0.5,38.7,2.1,2017-02
2017-02-03,0.7,58.5,5.9,2017-02
2017-02-04,0.5,34.7,4.4,2017-02
2017-02-05,0.4,19.5,2.4,2017-02
2017-02-06,0.5,43.7,5.2,2017-02
2017-02-07,0.4,30.2,4.4,2017-02
2017-02-08,0.5,31.8,5.2,2017-02
2017-02-09,0.5,32.7,3.0,2017-02
2017-02-10,0.4,48.1,3.5,2017-02
2017-02-11,0.6,31.4,4.6,2017-02
2017-02-12,0.6,37.6,7.7,2017-02
2017-02-13,,46.7,10.4,2017-02
2017-02-14,,51.1,17.3,2017-02
2017-02-15,,40.9,5.1,2017-02
2017-02-16,0.6,43.1,4.2,2017-02
2017-02-17,0.5,38.1,3.9,2017-02
2017-02-18,0.6,38.4,6.1,2017-02
2017-02-19,0.5,22.5,3.0,2017-02
2017-02-20,0.6,41.8,4.3,2017-02
2017-02-21,0.5,35.2,4.8,2017-02
2017-02-22,0.5,34.5,4.6,2017-02
2017-02-23,0.8,38.5,8.5,2017-02
2017-02-24,0.7,43.9,6.2,2017-02
2017-02-25,0.6,30.8,6.5,2017-02
2017-02-26,0.5,22.0,2.3,2017-02
2017-02-27,0.6,36.1,5.4,2017-02
2017-02-28,0.5,38.4,5.4,2017-02
2017-03-01,0.5,38.2,3.8,2017-03
2017-03-02,0.5,39.1,3.9,2017-03
2017-03-03,0.5,46.9,3.1,2017-03
2017-03-04,0.4,28.9,2.2,2017-03
2017-03-05,0.4,19.5,1.9,2017-03
2017-03-06,0.5,36.6,2.9,2017-03
2017-03-07,0.4,34.7,2.7,2017-03
2017-03-08,0.5,45.6,4.7,2017-03
2017-03-09,0.6,40.9,5.7,2017-03
2017-03-10,0.7,45.2,4.5,2017-03
2017-03-11,0.7,40.6,5.9,2017-03
2017-03-12,0.5,25.8,3.6,2017-03
2017-03-13,0.7,37.3,6.7,2017-03
2017-03-14,0.5,41.7,4.1,2017-03
2017-03-15,0.5,50.8,3.4,2017-03
2017-03-16,0.7,37.3,4.3,2017-03
2017-03-17,0.7,36.9,7.1,2017-03
2017-03-18,0.5,28.0,2.3,2017-03
2017-03-19,0.5,27.5,4.6,2017-03
2017-03-20,0.7,42.6,4.9,2017-03
2017-03-21,0.8,54.6,7.6,2017-03
2017-03-22,0.4,47.6,3.2,2017-03
2017-03-23,0.6,37.8,4.3,2017-03
2017-03-24,0.5,37.8,4.1,2017-03
2017-03-25,0.5,24.7,3.4,2017-03
2017-03-26,0.5,38.7,3.3,2017-03
2017-03-27,0.4,36.0,4.6,2017-03
2017-03-28,0.4,32.8,3.2,2017-03
2017-03-29,0.5,27.6,2.0,2017-03
2017-03-30,0.5,36.1,3.7,2017-03
2017-03-31,0.7,48.2,10.4,2017-03
2017-04-01,0.6,29.7,7.5,2017-04
2017-04-02,0.3,23.2,5.5,2017-04
2017-04-03,0.5,47.6,7.0,2017-04
2017-04-04,0.8,48.1,10.0,2017-04
2017-04-05,0.6,44.0,6.7,2017-04
2017-04-06,0.5,39.9,4.7,2017-04
2017-04-07,0.3,33.1,4.5,2017-04
2017-04-08,0.4,22.1,4.0,2017-04
2017-04-09,0.6,41.9,5.9,2017-04
2017-04-10,0.5,40.5,5.1,2017-04
2017-04-11,0.5,36.7,3.3,2017-04
2017-04-12,,,4.7,2017-04
2017-04-13,0.5,30.3,4.7,2017-04
2017-04-14,0.4,38.5,4.9,2017-04
2017-04-15,0.5,31.7,5.6,2017-04
2017-04-16,0.7,43.1,7.5,2017-04
2017-04-17,0.6,39.7,6.4,2017-04
2017-04-18,0.4,36.9,6.0,2017-04
2017-04-19,0.6,36.7,7.4,2017-04
2017-04-20,0.5,37.0,6.6,2017-04
2017-04-21,0.6,47.6,4.7,2017-04
2017-04-22,0.5,44.4,3.1,2017-04
2017-04-23,0.4,22.2,3.5,2017-04
2017-04-24,0.4,32.0,3.5,2017-04
2017-04-25,0.5,34.3,3.4,2017-04
2017-04-26,0.4,31.3,3.0,2017-04
2017-04-27,0.5,40.4,4.8,2017-04
2017-04-28,0.6,41.5,6.2,2017-04
2017-04-29,0.5,23.6,5.8,2017-04
2017-04-30,0.4,22.0,3.0,2017-04
2017-05-01,0.6,,5.0,2017-05
2017-05-02,0.7,,6.7,2017-05
2017-05-03,0.6,29.0,7.0,2017-05
2017-05-04,0.6,28.5,9.0,2017-05
2017-05-05,0.4,31.4,4.5,2017-05
2017-05-06,0.5,29.5,3.5,2017-05
2017-05-07,0.5,19.8,3.1,2017-05
2017-05-08,0.6,31.8,5.9,2017-05
2017-05-09,0.5,40.3,6.8,2017-05
2017-05-10,0.6,54.4,8.0,2017-05
2017-05-11,0.4,32.1,3.5,2017-05
2017-05-12,0.5,29.0,3.6,2017-05
2017-05-13,0.4,,2.8,2017-05
2017-05-14,0.4,,3.3,2017-05
2017-05-15,0.6,,3.5,2017-05
2017-05-16,0.6,,3.3,2017-05
2017-05-17,0.6,31.6,5.0,2017-05
2017-05-18,0.7,46.8,8.2,2017-05
2017-05-19,0.6,34.4,7.5,2017-05
2017-05-20,0.5,26.9,5.0,2017-05
2017-05-21,0.5,22.8,7.7,2017-05
2017-05-22,0.6,60.0,10.0,2017-05
2017-05-23,0.7,56.6,11.1,2017-05
2017-05-24,0.4,30.5,5.7,2017-05
2017-05-25,0.6,43.2,9.3,2017-05
2017-05-26,0.6,46.3,9.4,2017-05
2017-05-27,0.6,49.7,12.3,2017-05
2017-05-28,0.6,45.3,11.7,2017-05
2017-05-29,0.6,38.0,8.9,2017-05
2017-05-30,0.6,35.3,6.3,2017-05
2017-05-31,0.5,37.7,5.4,2017-05
2017-06-01,0.5,32.2,4.2,2017-06
2017-06-02,0.5,31.7,4.5,2017-06
2017-06-03,0.4,22.5,4.7,2017-06
2017-06-04,0.5,24.6,5.4,2017-06
2017-06-05,0.5,26.4,6.9,2017-06
2017-06-06,0.6,47.3,7.5,2017-06
2017-06-07,0.6,40.7,7.6,2017-06
2017-06-08,0.4,37.3,5.0,2017-06
2017-06-09,0.4,28.8,5.2,2017-06
2017-06-10,0.4,20.2,4.1,2017-06
2017-06-11,0.4,26.0,5.2,2017-06
2017-06-12,0.4,28.2,8.1,2017-06
2017-06-13,0.5,31.9,5.2,2017-06
2017-06-14,0.5,30.0,,2017-06
2017-06-15,0.5,17.7,,2017-06
2017-06-16,0.5,30.7,,2017-06
2017-06-17,0.5,22.3,4.4,2017-06
2017-06-18,0.4,13.4,4.5,2017-06
2017-06-19,0.6,31.8,6.6,2017-06
2017-06-20,0.5,29.1,5.7,2017-06
2017-06-21,0.4,21.0,6.0,2017-06
2017-06-22,0.5,27.1,4.7,2017-06
2017-06-23,0.5,25.7,5.9,2017-06
2017-06-24,0.6,27.1,7.2,2017-06
2017-06-25,0.6,62.4,12.2,2017-06
2017-06-26,0.5,29.9,8.9,2017-06
2017-06-27,0.6,44.0,7.9,2017-06
2017-06-28,0.5,29.8,8.1,2017-06
2017-06-29,0.6,41.9,11.1,2017-06
2017-06-30,0.6,34.5,10.7,2017-06
2017-07-01,0.7,37.3,8.4,2017-07
2017-07-02,0.6,27.5,8.1,2017-07
2017-07-03,0.5,22.5,4.7,2017-07
2017-07-04,0.5,21.1,10.1,2017-07
2017-07-05,0.6,38.4,21.8,2017-07
2017-07-06,0.6,38.5,11.1,2017-07
2017-07-07,0.5,33.1,7.4,2017-07
2017-07-08,0.5,21.0,5.1,2017-07
2017-07-09,0.5,25.6,5.0,2017-07
2017-07-10,0.5,29.6,6.7,2017-07
2017-07-11,0.5,26.1,6.4,2017-07
2017-07-12,0.6,29.0,6.9,2017-07
2017-07-13,0.5,26.2,4.2,2017-07
2017-07-14,0.5,39.7,6.2,2017-07
2017-07-15,0.4,18.6,3.8,2017-07
2017-07-16,0.4,16.3,4.1,2017-07
2017-07-17,0.5,24.6,4.7,2017-07
2017-07-18,0.6,36.7,7.1,2017-07
2017-07-19,0.5,29.6,7.2,2017-07
2017-07-20,0.4,25.9,3.8,2017-07
2017-07-21,0.6,31.8,6.8,2017-07
2017-07-22,0.4,26.0,4.2,2017-07
2017-07-23,0.5,20.0,3.7,2017-07
2017-07-24,0.5,37.6,6.7,2017-07
2017-07-25,0.6,39.5,7.6,2017-07
2017-07-26,0.6,43.9,8.0,2017-07
2017-07-27,0.5,30.6,6.5,2017-07
2017-07-28,0.5,29.7,5.7,2017-07
2017-07-29,0.5,31.8,4.8,2017-07
2017-07-30,0.4,22.6,4.4,2017-07
2017-07-31,0.5,29.5,6.5,2017-07
2017-08-01,0.6,45.8,17.1,2017-08
2017-08-02,0.7,38.1,43.2,2017-08
2017-08-03,1.1,71.7,56.0,2017-08
2017-08-04,1.1,85.9,51.0,2017-08
2017-08-05,0.6,44.2,13.7,2017-08
2017-08-06,0.6,40.2,18.9,2017-08
2017-08-07,,68.7,31.0,2017-08
2017-08-08,,65.3,39.0,2017-08
2017-08-09,1.1,70.0,49.3,2017-08
2017-08-10,1.0,58.2,38.1,2017-08
2017-08-11,0.8,48.4,21.5,2017-08
2017-08-12,,15.9,3.0,2017-08
2017-08-13,,,2.1,2017-08
2017-08-14,0.5,,6.7,2017-08
2017-08-15,0.5,34.7,7.4,2017-08
2017-08-16,0.5,40.7,8.1,2017-08
2017-08-17,0.6,26.9,3.9,2017-08
2017-08-18,0.6,34.7,6.8,2017-08
2017-08-19,0.5,22.1,4.0,2017-08
2017-08-20,0.5,28.9,4.0,2017-08
2017-08-21,0.5,24.6,4.4,2017-08
2017-08-22,0.7,54.0,10.7,2017-08
2017-08-23,0.5,26.0,4.5,2017-08
2017-08-24,0.5,27.3,5.8,2017-08
2017-08-25,0.5,26.5,4.9,2017-08
2017-08-26,0.5,29.5,5.1,2017-08
2017-08-27,0.6,28.8,5.9,2017-08
2017-08-28,0.8,65.1,13.5,2017-08
2017-08-29,0.8,51.9,20.7,2017-08
2017-08-30,0.5,32.8,2.8,2017-08
2017-08-31,0.5,36.6,6.4,2017-08
2017-09-01,0.6,43.2,5.8,2017-09
2017-09-02,0.6,40.5,5.2,2017-09
2017-09-03,0.6,30.9,5.1,2017-09
2017-09-04,0.6,23.3,6.8,2017-09
2017-09-05,1.0,50.6,26.9,2017-09
2017-09-06,0.9,45.6,34.4,2017-09
2017-09-07,0.8,49.8,24.8,2017-09
2017-09-08,0.8,40.1,16.9,2017-09
2017-09-09,0.6,23.3,5.3,2017-09
2017-09-10,0.5,31.9,6.6,2017-09
2017-09-11,0.7,42.2,7.4,2017-09
2017-09-12,0.5,24.8,4.9,2017-09
2017-09-13,0.2,39.0,8.3,2017-09
2017-09-14,,39.8,5.1,2017-09
2017-09-15,,50.8,12.8,2017-09
2017-09-16,,70.2,34.0,2017-09
2017-09-17,,,11.8,2017-09
2017-09-18,0.4,,4.7,2017-09
2017-09-19,0.5,48.2,5.5,2017-09
2017-09-20,0.4,27.4,4.4,2017-09
2017-09-21,,33.3,7.7,2017-09
2017-09-22,,35.3,10.3,2017-09
2017-09-23,,42.1,10.2,2017-09
2017-09-24,,,11.0,2017-09
2017-09-25,0.6,38.9,7.4,2017-09
2017-09-26,0.6,25.7,7.7,2017-09
2017-09-27,0.8,35.5,9.2,2017-09
2017-09-28,0.8,48.4,15.5,2017-09
2017-09-29,0.5,29.1,6.0,2017-09
2017-09-30,0.6,26.5,5.0,2017-09
2017-10-01,0.6,23.5,4.2,2017-10
2017-10-02,0.6,35.6,6.8,2017-10
2017-10-03,0.5,23.6,5.4,2017-10
2017-10-04,0.7,42.1,8.2,2017-10
2017-10-05,0.9,51.8,16.7,2017-10
2017-10-06,0.9,30.3,8.4,2017-10
2017-10-07,0.4,18.4,5.1,2017-10
2017-10-08,0.7,33.1,6.1,2017-10
2017-10-09,0.8,42.7,10.1,2017-10
2017-10-10,0.6,26.9,6.6,2017-10
2017-10-11,0.6,44.6,5.6,2017-10
2017-10-12,0.5,29.0,4.1,2017-10
2017-10-13,0.5,35.7,3.4,2017-10
2017-10-14,0.6,27.1,5.5,2017-10
2017-10-15,0.5,23.4,6.8,2017-10
2017-10-16,0.6,26.4,8.2,2017-10
2017-10-17,0.4,32.7,6.8,2017-10
2017-10-18,0.4,,5.9,2017-10
2017-10-19,0.4,,3.9,2017-10
2017-10-20,0.5,,5.3,2017-10
2017-10-21,0.4,,3.0,2017-10
2017-10-22,0.4,,6.8,2017-10
2017-10-23,0.8,,11.1,2017-10
2017-10-24,0.7,,7.1,2017-10
2017-10-25,0.5,,13.1,2017-10
2017-10-26,,,8.6,2017-10
2017-10-27,,28.4,12.1,2017-10
2017-10-28,,37.6,26.4,2017-10
2017-10-29,,,24.5,2017-10
2017-10-30,,,16.2,2017-10
2017-10-31,,,16.7,2017-10
2017-11-01,0.5,,6.9,2017-11
2017-11-02,0.4,,3.7,2017-11
2017-11-03,0.3,18.2,5.7,2017-11
2017-11-04,0.6,32.5,8.5,2017-11
2017-11-05,0.7,30.4,8.5,2017-11
2017-11-06,1.0,39.7,12.5,2017-11
2017-11-07,0.9,55.9,,2017-11
2017-11-08,0.8,49.1,,2017-11
2017-11-09,0.8,44.1,,2017-11
2017-11-10,0.8,29.4,,2017-11
2017-11-11,0.9,28.5,,2017-11
2017-11-12,0.5,23.2,,2017-11
2017-11-13,0.4,26.0,,2017-11
2017-11-14,0.4,25.6,,2017-11
2017-11-15,0.6,36.7,,2017-11
2017-11-16,0.5,41.9,,2017-11
2017-11-17,0.6,46.0,,2017-11
2017-11-18,0.6,31.3,,2017-11
2017-11-19,0.6,27.8,,2017-11
2017-11-20,0.5,,,2017-11
2017-11-21,0.9,,,2017-11
2017-11-22,0.7,,,2017-11
2017-11-23,0.5,,,2017-11
2017-11-26,0.4,,,2017-11
2017-11-27,0.6,,,2017-11
2017-11-28,0.6,,,2017-11
2017-11-29,0.6,,,2017-11
2017-11-30,0.5,,4.9,2017-11
2017-12-01,0.5,,4.9,2017-12
2017-12-02,0.5,,4.1,2017-12
2017-12-03,0.5,,6.4,2017-12
2017-12-04,0.7,,11.5,2017-12
2017-12-05,0.6,,7.0,2017-12
2017-12-06,0.8,,7.8,2017-12
2017-12-07,1.3,,15.2,2017-12
2017-12-08,1.7,,23.3,2017-12
2017-12-09,2.2,,28.7,2017-12
2017-12-10,2.1,,13.9,2017-12
2017-12-11,1.2,,20.6,2017-12
2017-12-12,1.0,,13.4,2017-12
2017-12-13,0.6,,12.0,2017-12
2017-12-14,1.3,,17.2,2017-12
2017-12-15,1.3,,13.3,2017-12
2017-12-16,0.6,,7.1,2017-12
2017-12-17,0.5,,2.8,2017-12
2017-12-18,0.4,,1.0,2017-12
2017-12-19,0.4,,3.5,2017-12
2017-12-20,0.6,,6.1,2017-12
2017-12-21,0.6,,7.3,2017-12
2017-12-22,0.5,,5.7,2017-12
2017-12-23,0.4,,4.0,2017-12
2017-12-24,0.4,,4.0,2017-12
2017-12-25,0.6,,10.7,2017-12
2017-12-26,0.6,,8.7,2017-12
2017-12-27,0.7,,8.6,2017-12
2017-12-28,0.6,,4.2,2017-12
2017-12-29,0.5,,3.0,2017-12
2017-12-30,0.5,,5.0,2017-12
2017-12-31,0.4,,6.4,2017-12
2018-01-01,0.4,,9.7,2018-01
2018-01-02,0.7,,8.0,2018-01
2018-01-03,0.7,,9.7,2018-01
2018-01-04,1.3,,21.0,2018-01
2018-01-05,1.1,,10.9,2018-01
2018-01-06,0.6,30.6,5.0,2018-01
2018-01-07,0.5,25.6,7.1,2018-01
2018-01-08,1.0,37.5,8.2,2018-01
2018-01-09,0.6,45.6,4.6,2018-01
2018-01-10,0.6,42.4,5.4,2018-01
2018-01-11,0.5,34.1,3.4,2018-01
2018-01-12,0.5,37.2,4.6,2018-01
2018-01-13,0.5,24.7,5.5,2018-01
2018-01-14,0.9,30.5,9.6,2018-01
2018-01-15,1.1,31.8,13.8,2018-01
2018-01-16,0.6,41.0,6.4,2018-01
2018-01-17,0.8,50.5,8.0,2018-01
2018-01-18,0.5,36.9,4.7,2018-01
2018-01-19,0.5,39.0,4.3,2018-01
2018-01-20,0.4,19.2,2.2,2018-01
2018-01-21,0.4,20.1,0.9,2018-01
2018-01-22,0.5,34.9,5.0,2018-01
2018-01-23,0.6,55.2,3.3,2018-01
2018-01-24,0.4,29.0,1.9,2018-01
2018-01-25,0.5,43.5,4.1,2018-01
2018-01-26,0.4,45.7,3.4,2018-01
2018-01-27,0.5,22.4,3.2,2018-01
2018-01-28,0.5,24.4,3.2,2018-01
2018-01-29,0.6,37.6,4.5,2018-01
2018-01-30,0.5,43.3,6.5,2018-01
2018-01-31,0.5,50.4,5.5,2018-01
2018-02-01,0.4,33.7,4.2,2018-02
2018-02-02,0.5,32.0,3.5,2018-02
2018-02-03,0.5,20.6,2.2,2018-02
2018-02-04,0.4,20.3,1.1,2018-02
2018-02-05,0.5,42.6,3.6,2018-02
2018-02-06,0.6,36.7,3.5,2018-02
2018-02-07,0.6,35.9,6.4,2018-02
2018-02-08,0.5,32.6,4.8,2018-02
2018-02-09,0.6,45.2,5.3,2018-02
2018-02-10,0.5,30.2,6.1,2018-02
2018-02-11,0.5,21.4,8.5,2018-02
2018-02-12,0.5,39.5,3.3,2018-02
2018-02-13,0.7,54.7,10.6,2018-02
2018-02-14,0.5,53.4,6.2,2018-02
2018-02-15,0.6,39.9,8.6,2018-02
2018-02-16,0.5,36.3,4.7,2018-02
2018-02-17,0.4,23.6,,2018-02
2018-02-18,0.4,21.8,,2018-02
2018-02-19,0.5,33.9,,2018-02
2018-02-20,0.6,37.4,,2018-02
2018-02-21,0.6,37.4,7.0,2018-02
2018-02-22,0.5,26.8,,2018-02
2018-02-23,0.5,31.4,6.0,2018-02
2018-02-24,0.5,31.4,4.9,2018-02
2018-02-25,0.4,23.5,3.5,2018-02
2018-02-26,0.7,51.6,6.1,2018-02
2018-02-27,0.6,30.2,5.7,2018-02
2018-02-28,0.5,40.0,5.1,2018-02
2018-03-01,0.6,38.2,6.4,2018-03
2018-03-02,0.5,42.6,6.3,2018-03
2018-03-03,0.5,32.1,5.6,2018-03
2018-03-04,0.6,28.6,9.3,2018-03
2018-03-05,0.6,36.2,5.6,2018-03
2018-03-06,0.4,21.6,4.3,2018-03
2018-03-07,0.6,38.6,5.1,2018-03
2018-03-08,0.6,40.0,7.3,2018-03
2018-03-09,0.6,,7.6,2018-03
2018-03-10,0.8,,8.5,2018-03
2018-03-11,0.9,47.8,12.8,2018-03
2018-03-12,1.0,56.3,12.1,2018-03
2018-03-13,0.5,51.4,5.3,2018-03
2018-03-14,0.5,51.7,5.1,2018-03
2018-03-15,0.6,38.2,6.9,2018-03
2018-03-16,0.5,38.4,6.5,2018-03
2018-03-17,0.5,30.9,8.7,2018-03
2018-03-18,0.6,29.8,4.7,2018-03
2018-03-19,0.6,40.2,8.8,2018-03
2018-03-20,0.6,33.7,6.5,2018-03
2018-03-21,0.8,50.8,12.4,2018-03
2018-03-22,0.6,43.4,6.3,2018-03
2018-03-23,0.5,35.9,2.7,2018-03
2018-03-24,0.6,31.4,5.1,2018-03
2018-03-25,0.6,29.2,5.8,2018-03
2018-03-26,0.4,37.4,3.6,2018-03
2018-03-27,0.5,26.9,3.7,2018-03
2018-03-28,0.5,26.6,5.2,2018-03
2018-03-29,0.6,35.2,6.2,2018-03
2018-03-30,0.6,33.8,5.9,2018-03
2018-03-31,0.6,48.3,7.0,2018-03
2018-04-01,0.5,18.9,3.7,2018-04
2018-04-02,0.4,34.2,4.4,2018-04
2018-04-03,0.5,41.0,6.7,2018-04
2018-04-04,0.4,21.8,3.4,2018-04
2018-04-05,0.7,37.3,8.1,2018-04
2018-04-06,0.7,33.2,5.5,2018-04
2018-04-07,0.6,29.1,5.9,2018-04
2018-04-08,0.4,12.7,3.1,2018-04
2018-04-09,0.7,45.6,6.0,2018-04
2018-04-10,0.6,42.8,7.1,2018-04
2018-04-11,0.4,26.9,3.7,2018-04
2018-04-12,0.5,38.2,4.0,2018-04
2018-04-13,0.4,25.2,4.3,2018-04
2018-04-14,0.6,32.1,4.2,2018-04
2018-04-15,0.5,22.0,3.7,2018-04
2018-04-16,0.4,40.9,4.7,2018-04
2018-04-17,0.5,41.0,,2018-04
2018-04-18,0.4,20.9,,2018-04
2018-04-19,0.5,34.2,,2018-04
2018-04-20,0.6,34.5,,2018-04
2018-04-21,0.4,27.0,9.2,2018-04
2018-04-22,0.3,17.5,9.0,2018-04
2018-04-23,0.5,53.3,7.6,2018-04
2018-04-24,0.6,53.8,9.2,2018-04
2018-04-25,0.6,32.4,8.5,2018-04
2018-04-26,0.6,41.4,10.6,2018-04
2018-04-27,0.5,41.9,8.2,2018-04
2018-04-28,0.5,26.1,6.4,2018-04
2018-04-29,0.5,27.8,3.6,2018-04
2018-04-30,0.6,43.9,7.2,2018-04
2018-05-01,0.6,49.8,9.2,2018-05
2018-05-02,0.6,,9.9,2018-05
2018-05-03,0.7,52.3,11.6,2018-05
2018-05-04,0.5,38.6,4.3,2018-05
2018-05-05,0.5,49.7,6.8,2018-05
2018-05-06,0.5,52.4,10.7,2018-05
2018-05-07,0.6,34.7,6.5,2018-05
2018-05-08,0.6,45.3,8.2,2018-05
2018-05-09,0.4,33.8,4.2,2018-05
2018-05-10,0.5,44.0,5.3,2018-05
2018-05-11,0.5,43.8,5.9,2018-05
2018-05-12,0.4,33.3,6.2,2018-05
2018-05-13,0.7,58.2,11.9,2018-05
2018-05-14,0.6,53.5,15.3,2018-05
2018-05-15,0.5,29.4,8.3,2018-05
2018-05-16,0.4,29.8,4.7,2018-05
2018-05-17,0.5,31.5,5.4,2018-05
2018-05-18,0.6,40.2,9.4,2018-05
2018-05-19,0.6,48.1,14.8,2018-05
2018-05-20,0.5,32.7,6.7,2018-05
2018-05-21,0.5,26.3,6.2,2018-05
2018-05-22,0.6,35.5,7.8,2018-05
2018-05-23,0.6,48.0,10.5,2018-05
2018-05-24,0.5,33.1,5.2,2018-05
2018-05-25,0.4,30.2,6.6,2018-05
2018-05-26,0.4,38.7,5.5,2018-05
2018-05-27,0.5,32.5,6.6,2018-05
2018-05-28,0.5,17.8,5.2,2018-05
2018-05-29,0.4,33.7,6.5,2018-05
2018-05-30,0.4,27.2,5.2,2018-05
2018-05-31,0.5,34.0,4.8,2018-05
2018-06-01,0.5,23.6,3.3,2018-06
2018-06-02,0.5,31.6,6.3,2018-06
2018-06-03,0.4,38.7,6.6,2018-06
2018-06-04,0.3,15.7,3.6,2018-06
2018-06-05,0.4,38.5,5.1,2018-06
2018-06-06,0.5,31.2,5.1,2018-06
2018-06-07,0.4,31.8,5.0,2018-06
2018-06-08,0.5,32.9,7.4,2018-06
2018-06-09,0.4,25.6,5.3,2018-06
2018-06-10,0.3,20.6,2.3,2018-06
2018-06-11,0.6,31.0,6.3,2018-06
2018-06-12,0.6,38.5,6.9,2018-06
2018-06-13,0.5,32.1,4.7,2018-06
2018-06-14,0.5,39.0,5.1,2018-06
2018-06-15,0.4,24.3,5.2,2018-06
2018-06-16,0.3,21.8,5.9,2018-06
2018-06-17,0.5,45.9,8.7,2018-06
2018-06-18,0.6,38.1,13.2,2018-06
2018-06-19,0.6,50.8,12.2,2018-06
2018-06-20,0.7,,12.1,2018-06
2018-06-21,0.5,27.0,6.2,2018-06
2018-06-22,0.4,24.4,4.3,2018-06
2018-06-23,0.5,32.4,5.4,2018-06
2018-06-24,0.5,21.8,6.6,2018-06
2018-06-25,0.4,31.5,4.1,2018-06
2018-06-26,0.4,25.3,4.8,2018-06
2018-06-27,0.5,32.7,6.6,2018-06
2018-06-28,0.5,30.5,7.8,2018-06
2018-06-29,0.5,34.5,7.8,2018-06
2018-06-30,0.4,30.9,5.7,2018-06
2018-07-01,0.4,19.2,1.8,2018-07
2018-07-02,0.3,27.3,2.3,2018-07
2018-07-03,0.5,36.1,7.2,2018-07
2018-07-04,0.6,41.9,11.0,2018-07
2018-07-05,0.5,31.6,12.8,2018-07
2018-07-06,0.4,28.9,4.3,2018-07
2018-07-07,0.4,22.2,3.5,2018-07
2018-07-08,0.5,46.6,5.5,2018-07
2018-07-09,0.5,32.4,6.4,2018-07
2018-07-10,0.5,42.6,6.0,2018-07
2018-07-11,0.5,23.3,3.2,2018-07
2018-07-12,0.5,30.2,8.4,2018-07
2018-07-13,0.5,43.4,14.9,2018-07
2018-07-14,0.4,40.8,9.9,2018-07
2018-07-15,0.5,42.6,9.9,2018-07
2018-07-16,0.6,64.8,12.7,2018-07
2018-07-17,0.6,48.7,10.9,2018-07
2018-07-18,0.5,27.1,6.1,2018-07
2018-07-19,0.5,26.0,6.2,2018-07
2018-07-20,0.5,30.1,7.5,2018-07
2018-07-21,0.4,25.0,6.3,2018-07
2018-07-22,0.5,29.9,7.2,2018-07
2018-07-23,0.6,43.9,9.5,2018-07
2018-07-24,0.6,48.9,11.0,2018-07
2018-07-25,0.7,56.5,14.7,2018-07
2018-07-26,0.7,63.7,13.7,2018-07
2018-07-27,0.7,59.1,10.7,2018-07
2018-07-28,0.6,46.9,9.4,2018-07
2018-07-29,0.7,61.0,14.4,2018-07
2018-07-30,0.7,64.8,17.3,2018-07
2018-07-31,0.6,28.8,9.4,2018-07
2018-08-01,0.5,22.6,5.8,2018-08
2018-08-02,0.5,19.9,3.7,2018-08
2018-08-03,0.5,25.4,5.4,2018-08
2018-08-04,0.6,41.4,6.1,2018-08
2018-08-05,0.6,37.0,10.0,2018-08
2018-08-06,0.6,35.8,7.7,2018-08
2018-08-07,0.6,56.5,9.7,2018-08
2018-08-08,0.4,70.7,15.1,2018-08
2018-08-09,,61.4,13.5,2018-08
2018-08-10,,39.0,10.2,2018-08
2018-08-11,,32.1,4.5,2018-08
2018-08-12,,26.6,7.5,2018-08
2018-08-13,,22.1,19.8,2018-08
2018-08-14,,,59.0,2018-08
2018-08-15,,61.5,55.5,2018-08
2018-08-16,,39.8,21.0,2018-08
2018-08-17,,53.0,16.0,2018-08
2018-08-18,,45.9,23.2,2018-08
2018-08-19,,43.6,35.5,2018-08
2018-08-20,,40.8,66.6,2018-08
2018-08-21,,74.2,102.2,2018-08
2018-08-22,,98.0,95.6,2018-08
2018-08-23,,24.2,29.9,2018-08
2018-08-24,,26.9,39.4,2018-08
2018-08-25,,36.9,41.2,2018-08
2018-08-26,,37.8,17.3,2018-08
2018-08-27,,47.0,11.6,2018-08
2018-08-28,,,15.4,2018-08
2018-08-29,0.7,44.3,12.7,2018-08
2018-08-30,0.6,28.2,5.2,2018-08
2018-08-31,0.5,26.3,4.7,2018-08
2018-09-01,0.5,23.0,5.7,2018-09
2018-09-02,0.5,26.4,7.5,2018-09
2018-09-03,0.5,17.5,3.9,2018-09
2018-09-04,0.5,,8.5,2018-09
2018-09-05,0.8,52.7,15.3,2018-09
2018-09-06,0.9,59.4,22.0,2018-09
2018-09-07,0.5,28.2,,2018-09
2018-09-08,0.5,25.9,5.4,2018-09
2018-09-09,0.5,17.2,4.7,2018-09
2018-09-10,0.4,,8.4,2018-09
2018-09-11,0.5,28.5,7.0,2018-09
2018-09-12,0.5,30.0,6.2,2018-09
2018-09-13,0.6,32.9,7.0,2018-09
2018-09-14,0.5,32.0,5.6,2018-09
2018-09-15,0.4,20.0,4.3,2018-09
2018-09-16,0.4,27.3,4.1,2018-09
2018-09-17,0.4,18.1,5.2,2018-09
2018-09-18,0.5,25.6,6.5,2018-09
2018-09-19,0.7,36.6,10.0,2018-09
2018-09-20,0.5,23.3,5.0,2018-09
2018-09-21,0.5,31.1,6.7,2018-09
2018-09-22,0.4,16.4,4.3,2018-09
2018-09-23,0.4,38.5,9.5,2018-09
2018-09-24,0.6,36.4,10.1,2018-09
2018-09-25,0.5,21.6,8.9,2018-09
2018-09-26,0.5,23.9,8.8,2018-09
2018-09-27,0.5,23.2,9.7,2018-09
2018-09-28,0.6,32.2,8.6,2018-09
2018-09-29,0.6,32.9,11.1,2018-09
2018-09-30,0.7,24.9,10.8,2018-09
2018-10-01,0.6,29.8,6.3,2018-10
2018-10-02,0.4,26.2,6.1,2018-10
2018-10-03,0.6,22.7,7.8,2018-10
2018-10-04,0.7,31.3,9.0,2018-10
2018-10-05,0.6,30.3,7.7,2018-10
2018-10-06,0.4,19.8,11.0,2018-10
2018-10-07,0.6,27.0,11.0,2018-10
2018-10-08,0.8,31.9,15.0,2018-10
2018-10-09,0.6,22.9,8.0,2018-10
2018-10-10,0.9,28.1,16.0,2018-10
2018-10-11,0.8,32.0,15.2,2018-10
2018-10-12,0.7,28.5,15.5,2018-10
2018-10-13,0.4,22.0,11.0,2018-10
2018-10-14,0.4,27.3,9.5,2018-10
2018-10-15,0.5,26.9,9.6,2018-10
2018-10-16,0.8,35.0,14.6,2018-10
2018-10-17,1.1,71.2,21.9,2018-10
2018-10-18,1.2,52.6,23.3,2018-10
2018-10-19,0.7,39.7,29.1,2018-10
2018-10-20,0.4,25.0,21.1,2018-10
2018-10-21,1.2,35.2,25.5,2018-10
2018-10-22,1.2,34.9,26.6,2018-10
2018-10-23,0.9,27.7,19.8,2018-10
2018-10-24,0.7,35.2,15.8,2018-10
2018-10-25,0.6,34.8,11.2,2018-10
2018-10-26,0.5,32.0,9.8,2018-10
2018-10-27,0.7,31.3,11.5,2018-10
2018-10-28,0.4,23.8,5.6,2018-10
2018-10-29,0.5,34.8,8.3,2018-10
2018-10-30,0.5,31.1,11.9,2018-10
2018-10-31,0.6,31.5,10.4,2018-10
2018-11-01,0.5,31.2,8.4,2018-11
2018-11-02,0.5,41.3,8.5,2018-11
2018-11-03,0.4,27.6,8.2,2018-11
2018-11-04,0.5,25.3,11.5,2018-11
2018-11-05,0.6,40.6,9.2,2018-11
2018-11-06,0.6,39.0,6.7,2018-11
2018-11-07,0.5,22.5,7.1,2018-11
2018-11-08,0.8,29.3,11.9,2018-11
2018-11-09,1.0,27.0,14.5,2018-11
2018-11-10,1.0,20.3,12.9,2018-11
2018-11-11,0.5,21.8,8.7,2018-11
2018-11-12,1.1,50.7,15.5,2018-11
2018-11-13,0.7,46.1,13.5,2018-11
2018-11-14,0.7,49.0,20.6,2018-11
2018-11-15,0.6,34.8,10.4,2018-11
2018-11-16,0.4,27.3,5.7,2018-11
2018-11-17,0.3,20.2,6.1,2018-11
2018-11-18,,25.7,11.9,2018-11
2018-11-19,,43.9,20.7,2018-11
2018-11-20,,40.1,28.0,2018-11
2018-11-21,,45.7,15.4,2018-11
2018-11-22,,25.8,5.5,2018-11
2018-11-23,,25.9,3.3,2018-11
2018-11-24,,29.7,9.2,2018-11
2018-11-25,0.8,27.9,10.8,2018-11
2018-11-26,0.8,35.4,8.5,2018-11
2018-11-27,0.4,37.7,5.2,2018-11
2018-11-28,0.6,39.4,6.0,2018-11
2018-11-29,0.5,23.1,7.5,2018-11
2018-11-30,0.6,33.2,8.4,2018-11
2018-12-01,0.6,35.1,6.6,2018-12
2018-12-02,0.6,25.1,13.6,2018-12
2018-12-03,0.5,18.2,5.8,2018-12
2018-12-04,0.4,28.0,7.0,2018-12
2018-12-05,0.6,31.4,7.1,2018-12
2018-12-06,0.7,37.4,10.4,2018-12
2018-12-07,0.8,37.9,9.8,2018-12
2018-12-08,0.7,33.5,10.9,2018-12
2018-12-09,0.6,26.6,6.9,2018-12
2018-12-10,0.5,35.9,7.2,2018-12
2018-12-11,0.5,38.6,5.5,2018-12
2018-12-12,0.5,36.6,7.0,2018-12
2018-12-13,0.8,43.4,7.0,2018-12
2018-12-14,1.0,48.5,9.9,2018-12
2018-12-15,0.5,35.0,3.2,2018-12
2018-12-16,0.5,34.4,4.5,2018-12
2018-12-17,0.5,30.9,3.0,2018-12
2018-12-18,0.4,31.5,5.5,2018-12
2018-12-19,0.8,44.5,8.2,2018-12
2018-12-20,0.7,35.2,5.0,2018-12
2018-12-21,0.6,32.0,9.9,2018-12
2018-12-22,0.6,33.5,7.0,2018-12
2018-12-23,0.4,26.3,3.6,2018-12
2018-12-24,0.3,17.9,3.7,2018-12
2018-12-25,0.5,20.7,8.0,2018-12
2018-12-26,0.5,26.0,5.5,2018-12
2018-12-27,0.6,42.2,10.1,2018-12
2018-12-28,0.6,24.7,7.2,2018-12
2018-12-29,0.3,21.7,3.4,2018-12
2018-12-30,0.4,26.5,5.6,2018-12
2018-12-31,0.6,26.6,8.9,2018-12
2019-01-01,0.9,28.3,16.5,2019-01
2019-01-02,0.9,30.0,11.4,2019-01
2019-01-03,0.8,51.4,7.2,2019-01
2019-01-04,0.5,32.3,5.0,2019-01
2019-01-05,0.8,42.2,8.3,2019-01
2019-01-06,0.6,32.5,4.6,2019-01
2019-01-07,0.7,38.3,6.7,2019-01
2019-01-08,0.8,52.8,8.6,2019-01
2019-01-09,0.8,33.3,5.0,2019-01
2019-01-10,,27.1,3.6,2019-01
2019-01-11,,44.2,13.2,2019-01
2019-01-12,,41.2,18.0,2019-01
2019-01-13,,40.7,16.8,2019-01
2019-01-14,,37.5,14.4,2019-01
2019-01-15,,83.3,28.7,2019-01
2019-01-16,,61.0,19.3,2019-01
2019-01-17,,44.1,5.0,2019-01
2019-01-18,,42.2,4.3,2019-01
2019-01-19,,27.9,7.5,2019-01
2019-01-20,,31.3,7.2,2019-01
2019-01-21,,33.7,16.5,2019-01
2019-01-22,,31.4,5.6,2019-01
2019-01-23,,40.5,4.0,2019-01
2019-01-24,,38.8,10.5,2019-01
2019-01-25,,25.5,11.5,2019-01
2019-01-26,,21.4,11.9,2019-01
2019-01-27,,18.5,11.2,2019-01
2019-01-28,,24.9,6.6,2019-01
2019-01-29,,36.9,8.7,2019-01
2019-01-30,,50.5,17.2,2019-01
2019-01-31,,45.7,15.0,2019-01
2019-02-01,,35.6,9.5,2019-02
2019-02-02,,30.5,5.5,2019-02
2019-02-03,,21.6,4.8,2019-02
2019-02-04,0.3,9.2,5.0,2019-02
2019-02-05,0.7,39.3,11.1,2019-02
2019-02-06,0.8,38.8,13.6,2019-02
2019-02-07,0.7,37.8,9.5,2019-02
2019-02-08,0.6,36.7,13.8,2019-02
2019-02-09,0.3,26.0,5.7,2019-02
2019-02-10,0.4,35.4,7.5,2019-02
2019-02-11,0.3,24.7,5.0,2019-02
2019-02-12,0.3,21.1,5.7,2019-02
2019-02-13,0.4,35.1,7.6,2019-02
2019-02-14,0.9,57.6,9.0,2019-02
2019-02-15,0.8,36.0,7.0,2019-02
2019-02-16,0.8,34.6,8.7,2019-02
2019-02-17,0.7,30.4,11.1,2019-02
2019-02-18,0.8,22.0,12.5,2019-02
2019-02-19,0.6,37.9,7.5,2019-02
2019-02-20,0.5,25.5,5.2,2019-02
2019-02-21,0.8,35.3,9.5,2019-02
2019-02-22,0.7,35.9,6.4,2019-02
2019-02-23,0.5,32.2,5.4,2019-02
2019-02-24,0.4,23.8,4.4,2019-02
2019-02-25,0.4,20.3,3.9,2019-02
2019-02-26,0.3,19.7,4.0,2019-02
2019-02-27,0.6,33.8,6.2,2019-02
2019-02-28,0.7,47.0,7.9,2019-02
2019-03-01,0.5,31.8,7.1,2019-03
2019-03-02,0.4,17.8,7.0,2019-03
2019-03-03,0.3,11.6,2.6,2019-03
2019-03-04,0.4,21.3,2.5,2019-03
2019-03-05,0.5,26.9,4.0,2019-03
2019-03-06,0.2,34.4,7.6,2019-03
2019-03-07,,40.5,6.9,2019-03
2019-03-08,,41.2,9.3,2019-03
2019-03-09,,30.7,10.7,2019-03
2019-03-10,,35.9,10.5,2019-03
2019-03-11,,42.6,8.3,2019-03
2019-03-12,,,5.8,2019-03
2019-03-13,,43.8,9.4,2019-03
2019-03-14,,31.2,7.0,2019-03
2019-03-15,,37.0,9.8,2019-03
2019-03-16,,32.8,12.1,2019-03
2019-03-17,,24.8,9.7,2019-03
2019-03-18,,36.7,6.2,2019-03
2019-03-19,,61.8,7.6,2019-03
2019-03-20,,58.2,6.9,2019-03
2019-03-21,,44.4,8.0,2019-03
2019-03-22,,40.0,8.1,2019-03
2019-03-23,,42.3,8.7,2019-03
2019-03-24,,29.9,9.2,2019-03
2019-03-25,0.7,34.8,8.5,2019-03
2019-03-26,0.5,43.0,5.0,2019-03
2019-03-27,0.4,32.8,4.2,2019-03
2019-03-28,,44.3,6.9,2019-03
2019-03-29,,48.3,9.9,2019-03
2019-03-30,,31.4,7.2,2019-03
2019-03-31,,26.3,11.2,2019-03
2019-04-01,,23.5,9.6,2019-04
2019-04-02,,41.5,7.7,2019-04
2019-04-03,,27.4,7.4,2019-04
2019-04-04,,40.1,8.7,2019-04
2019-04-05,,19.5,5.7,2019-04
2019-04-06,,20.5,5.6,2019-04
2019-04-07,0.5,20.3,4.8,2019-04
2019-04-08,0.6,31.1,,2019-04
2019-04-09,0.4,27.9,,2019-04
2019-04-10,0.5,27.9,,2019-04
2019-04-11,0.5,33.0,,2019-04
2019-04-12,0.5,36.0,,2019-04
2019-04-13,0.4,17.6,4.0,2019-04
2019-04-14,0.4,15.5,3.8,2019-04
2019-04-15,0.5,41.0,2.7,2019-04
2019-04-16,0.5,31.7,6.0,2019-04
2019-04-17,0.5,29.1,2.9,2019-04
2019-04-18,0.5,30.4,3.9,2019-04
2019-04-19,0.4,29.4,3.7,2019-04
2019-04-20,0.6,40.9,5.7,2019-04
2019-04-21,0.6,36.4,7.2,2019-04
2019-04-22,0.5,30.9,6.7,2019-04
2019-04-23,0.5,32.9,5.4,2019-04
2019-04-24,0.5,42.4,6.6,2019-04
2019-04-25,0.5,24.4,6.4,2019-04
2019-04-26,0.5,34.4,8.2,2019-04
2019-04-27,0.4,15.6,3.5,2019-04
2019-04-28,0.4,18.6,3.7,2019-04
2019-04-29,0.4,23.4,2.2,2019-04
2019-04-30,0.5,36.5,4.6,2019-04
2019-05-01,0.5,26.8,6.9,2019-05
2019-05-02,0.4,31.3,6.7,2019-05
2019-05-03,0.5,38.4,8.6,2019-05
2019-05-04,0.6,29.4,6.2,2019-05
2019-05-05,0.5,29.8,6.3,2019-05
2019-05-06,0.5,37.6,7.8,2019-05
2019-05-07,0.5,46.4,7.2,2019-05
2019-05-08,0.6,45.1,10.7,2019-05
2019-05-09,0.5,46.7,7.2,2019-05
2019-05-10,0.7,57.2,11.6,2019-05
2019-05-11,0.6,53.4,13.5,2019-05
2019-05-12,0.5,40.1,6.6,2019-05
2019-05-13,0.5,41.2,8.7,2019-05
2019-05-14,0.5,34.1,6.1,2019-05
2019-05-15,0.6,42.6,5.4,2019-05
2019-05-16,0.6,35.3,9.5,2019-05
2019-05-17,0.4,30.3,4.2,2019-05
2019-05-18,0.4,32.6,5.1,2019-05
2019-05-19,0.5,36.8,5.6,2019-05
2019-05-20,0.4,28.2,4.0,2019-05
2019-05-21,0.4,44.3,5.2,2019-05
2019-05-22,0.6,37.8,11.1,2019-05
2019-05-23,0.6,54.0,12.8,2019-05
2019-05-24,0.5,23.7,6.7,2019-05
2019-05-25,0.5,27.2,4.4,2019-05
2019-05-26,0.7,39.0,8.5,2019-05
2019-05-27,0.7,28.1,11.0,2019-05
2019-05-28,0.5,27.9,11.1,2019-05
2019-05-29,0.6,45.0,9.8,2019-05
2019-05-30,0.7,49.3,12.6,2019-05
2019-05-31,0.7,43.3,13.5,2019-05
2019-06-01,0.7,40.7,9.9,2019-06
2019-06-02,0.4,26.1,7.9,2019-06
2019-06-03,0.4,,7.3,2019-06
2019-06-04,0.6,37.4,6.8,2019-06
2019-06-05,0.4,34.0,4.3,2019-06
2019-06-06,0.4,28.1,4.5,2019-06
2019-06-07,0.4,26.5,3.5,2019-06
2019-06-08,0.4,15.1,2.9,2019-06
2019-06-09,0.5,17.7,2.2,2019-06
2019-06-10,0.4,28.6,4.1,2019-06
2019-06-11,0.5,28.0,6.0,2019-06
2019-06-12,0.7,68.6,11.3,2019-06
2019-06-13,0.6,38.7,10.0,2019-06
2019-06-14,0.4,24.9,5.7,2019-06
2019-06-15,0.5,37.0,8.7,2019-06
2019-06-16,0.5,39.6,6.8,2019-06
2019-06-17,0.5,34.1,6.4,2019-06
2019-06-18,0.4,20.7,3.6,2019-06
2019-06-19,0.4,22.4,5.0,2019-06
2019-06-20,0.4,25.1,3.8,2019-06
2019-06-21,0.4,23.4,,2019-06
2019-06-22,0.4,25.4,4.8,2019-06
2019-06-23,0.3,22.8,4.2,2019-06
2019-06-24,0.5,26.5,4.3,2019-06
2019-06-25,0.5,33.7,6.0,2019-06
2019-06-26,0.4,33.1,4.9,2019-06
2019-06-27,0.4,23.6,3.8,2019-06
2019-06-28,0.4,26.3,4.2,2019-06
2019-06-29,0.5,25.1,5.2,2019-06
2019-06-30,0.4,26.7,5.6,2019-06
2019-07-01,0.6,37.1,7.0,2019-07
2019-07-02,0.6,30.0,4.7,2019-07
2019-07-03,0.7,32.1,7.5,2019-07
2019-07-04,0.6,27.5,7.5,2019-07
2019-07-05,0.5,22.7,7.6,2019-07
2019-07-06,0.5,31.7,3.8,2019-07
2019-07-07,0.4,21.2,3.8,2019-07
2019-07-08,0.6,36.9,7.2,2019-07
2019-07-09,0.6,33.9,9.5,2019-07
2019-07-10,0.5,27.5,5.0,2019-07
2019-07-11,0.5,28.9,5.6,2019-07
2019-07-12,0.5,30.9,6.9,2019-07
2019-07-13,0.4,23.7,4.6,2019-07
2019-07-14,0.4,21.9,5.0,2019-07
2019-07-15,0.5,29.5,5.1,2019-07
2019-07-16,0.5,34.6,7.0,2019-07
2019-07-17,0.4,25.4,3.0,2019-07
2019-07-18,0.4,20.6,3.7,2019-07
2019-07-19,0.5,25.0,5.3,2019-07
2019-07-20,0.4,34.8,4.7,2019-07
2019-07-21,0.4,32.7,7.3,2019-07
2019-07-22,0.5,26.1,5.9,2019-07
2019-07-23,0.5,20.6,5.7,2019-07
2019-07-24,0.4,21.6,4.2,2019-07
2019-07-25,0.5,24.9,5.1,2019-07
2019-07-26,0.5,34.5,4.9,2019-07
2019-07-27,0.4,22.2,2.8,2019-07
2019-07-28,0.4,12.7,3.5,2019-07
2019-07-29,0.6,29.9,8.2,2019-07
2019-07-30,0.5,45.6,6.7,2019-07
2019-07-31,0.5,40.7,7.9,2019-07
2019-08-01,0.4,21.4,5.0,2019-08
2019-08-02,0.5,26.6,5.8,2019-08
2019-08-03,0.5,17.7,9.7,2019-08
2019-08-04,0.6,45.7,10.8,2019-08
2019-08-05,0.7,43.1,13.4,2019-08
2019-08-06,0.6,38.6,11.5,2019-08
2019-08-07,0.5,31.1,7.9,2019-08
2019-08-08,0.5,28.4,6.0,2019-08
2019-08-09,0.6,36.4,7.2,2019-08
2019-08-10,,30.8,7.1,2019-08
2019-08-11,,15.7,4.0,2019-08
2019-08-12,,33.9,4.9,2019-08
2019-08-13,0.4,31.7,6.2,2019-08
2019-08-14,0.5,43.3,7.2,2019-08
2019-08-15,0.5,32.7,6.6,2019-08
2019-08-16,0.5,23.8,7.5,2019-08
2019-08-17,0.5,24.1,6.1,2019-08
2019-08-18,0.5,23.2,4.7,2019-08
2019-08-19,0.5,24.9,4.2,2019-08
2019-08-20,0.6,38.8,7.9,2019-08
2019-08-21,0.5,35.7,5.2,2019-08
2019-08-22,0.6,41.2,8.8,2019-08
2019-08-23,0.6,34.0,9.1,2019-08
2019-08-24,0.5,29.9,6.1,2019-08
2019-08-25,0.5,43.1,6.4,2019-08
2019-08-26,0.5,20.5,8.3,2019-08
2019-08-27,0.6,24.3,7.8,2019-08
2019-08-28,0.6,41.0,9.4,2019-08
2019-08-29,0.6,34.8,9.0,2019-08
2019-08-30,0.6,36.8,6.8,2019-08
2019-08-31,0.5,30.8,6.9,2019-08
2019-09-01,0.5,25.3,4.5,2019-09
2019-09-02,0.5,32.5,4.7,2019-09
2019-09-03,0.6,37.3,9.4,2019-09
2019-09-04,0.5,32.8,6.6,2019-09
2019-09-05,0.6,44.9,8.4,2019-09
2019-09-06,0.6,43.6,9.7,2019-09
2019-09-07,0.5,25.0,7.0,2019-09
2019-09-08,0.4,20.3,2.2,2019-09
2019-09-09,0.4,26.4,3.2,2019-09
2019-09-10,0.5,32.7,5.1,2019-09
2019-09-11,0.6,33.4,6.0,2019-09
2019-09-12,0.6,28.6,4.5,2019-09
2019-09-13,0.5,23.4,4.2,2019-09
2019-09-14,0.4,22.1,3.2,2019-09
2019-09-15,0.4,17.2,3.4,2019-09
2019-09-16,0.6,30.4,5.9,2019-09
2019-09-17,0.4,19.3,2.2,2019-09
2019-09-18,0.5,,5.2,2019-09
2019-09-19,0.7,29.0,9.3,2019-09
2019-09-20,0.5,28.8,6.8,2019-09
2019-09-21,0.5,20.4,5.7,2019-09
2019-09-22,0.4,22.0,4.5,2019-09
2019-09-23,0.4,27.4,6.3,2019-09
2019-09-24,0.4,33.2,7.6,2019-09
2019-09-25,0.5,29.7,9.2,2019-09
2019-09-26,0.6,31.7,5.7,2019-09
2019-09-27,0.5,33.2,3.8,2019-09
2019-09-28,0.3,12.6,1.7,2019-09
2019-09-29,0.4,18.8,1.2,2019-09
2019-09-30,0.5,24.6,1.5,2019-09
2019-10-01,0.5,30.8,5.6,2019-10
2019-10-02,0.7,34.3,8.0,2019-10
2019-10-03,0.7,,4.9,2019-10
2019-10-04,0.4,26.7,4.2,2019-10
2019-10-05,0.5,22.1,6.5,2019-10
2019-10-06,0.5,24.3,5.0,2019-10
2019-10-07,0.5,,,2019-10
2019-10-08,0.4,27.4,3.3,2019-10
2019-10-09,0.4,20.1,4.0,2019-10
2019-10-10,0.5,18.1,5.7,2019-10
2019-10-11,0.9,43.9,8.6,2019-10
2019-10-12,0.8,29.5,11.6,2019-10
2019-10-13,0.6,33.8,10.7,2019-10
2019-10-14,0.6,39.7,10.5,2019-10
2019-10-15,0.7,37.4,14.4,2019-10
2019-10-16,0.6,37.3,10.2,2019-10
2019-10-17,0.3,29.2,5.9,2019-10
2019-10-18,,30.4,5.9,2019-10
2019-10-19,,24.4,3.0,2019-10
2019-10-20,,23.4,3.7,2019-10
2019-10-21,0.5,31.7,7.0,2019-10
2019-10-22,0.4,28.0,6.1,2019-10
2019-10-23,0.4,20.2,5.3,2019-10
2019-10-24,0.8,33.4,13.0,2019-10
2019-10-25,0.8,26.5,8.8,2019-10
2019-10-26,0.6,31.3,7.2,2019-10
2019-10-27,0.4,24.5,4.2,2019-10
2019-10-28,0.6,24.2,7.7,2019-10
2019-10-29,0.5,33.9,3.5,2019-10
2019-10-30,0.5,28.4,6.1,2019-10
2019-10-31,0.7,37.5,15.5,2019-10
2019-11-01,0.6,24.0,12.5,2019-11
2019-11-02,0.6,29.7,14.0,2019-11
2019-11-03,0.6,19.9,13.7,2019-11
2019-11-04,0.5,28.7,12.3,2019-11
2019-11-05,0.5,24.3,10.1,2019-11
2019-11-06,0.5,22.2,10.8,2019-11
2019-11-07,0.8,35.9,13.2,2019-11
2019-11-08,0.9,38.2,15.1,2019-11
2019-11-09,0.5,19.0,9.4,2019-11
2019-11-10,0.5,18.8,8.9,2019-11
2019-11-11,0.8,29.7,9.9,2019-11
2019-11-12,0.7,31.1,9.1,2019-11
2019-11-13,0.4,19.6,8.7,2019-11
2019-11-14,0.8,28.6,15.5,2019-11
2019-11-15,0.6,28.0,7.5,2019-11
2019-11-16,0.6,23.9,7.1,2019-11
2019-11-17,0.6,24.4,5.7,2019-11
2019-11-18,0.5,26.9,4.5,2019-11
2019-11-19,0.4,39.8,5.5,2019-11
2019-11-20,0.5,25.6,6.6,2019-11
2019-11-21,1.0,31.8,13.9,2019-11
2019-11-22,1.1,28.8,19.1,2019-11
2019-11-23,0.9,20.5,13.5,2019-11
2019-11-24,0.5,27.9,6.4,2019-11
2019-11-25,0.5,32.1,4.4,2019-11
2019-11-26,0.4,23.0,2.6,2019-11
2019-11-27,0.4,23.5,4.2,2019-11
2019-11-28,0.3,17.6,4.6,2019-11
2019-11-29,0.6,27.6,8.3,2019-11
2019-11-30,0.8,27.4,10.8,2019-11
2019-12-01,0.6,37.5,5.7,2019-12
2019-12-02,1.1,39.5,13.2,2019-12
2019-12-03,1.1,32.1,10.2,2019-12
2019-12-04,0.6,37.0,10.4,2019-12
2019-12-05,0.8,29.1,11.7,2019-12
2019-12-06,0.8,32.2,13.6,2019-12
2019-12-07,0.7,24.8,6.2,2019-12
2019-12-08,0.6,19.6,7.2,2019-12
2019-12-09,0.4,19.7,6.3,2019-12
2019-12-10,0.5,21.4,8.8,2019-12
2019-12-11,0.5,28.0,6.3,2019-12
2019-12-12,0.4,40.2,6.0,2019-12
2019-12-13,0.6,39.4,4.0,2019-12
2019-12-14,0.5,29.4,5.8,2019-12
2019-12-15,0.6,26.8,5.8,2019-12
2019-12-16,0.6,34.9,4.7,2019-12
2019-12-17,1.0,44.6,13.3,2019-12
2019-12-18,1.0,48.3,14.7,2019-12
2019-12-19,0.4,30.9,4.9,2019-12
2019-12-20,0.7,57.3,5.2,2019-12
2019-12-21,0.6,19.7,2.5,2019-12
2019-12-22,0.3,16.9,3.2,2019-12
2019-12-23,0.4,26.1,4.3,2019-12
2019-12-24,0.7,29.5,8.5,2019-12
2019-12-25,0.7,19.9,10.1,2019-12
2019-12-26,0.8,27.5,13.0,2019-12
2019-12-27,0.8,28.1,8.5,2019-12
2019-12-28,0.8,24.1,9.1,2019-12
2019-12-29,0.7,25.1,7.3,2019-12
2019-12-30,0.5,24.3,3.9,2019-12
2019-12-31,0.4,34.7,3.4,2019-12
2020-01-01,0.3,30.5,2.7,2020-01
2020-01-02,0.4,46.8,4.2,2020-01
2020-01-03,0.8,45.3,5.9,2020-01
2020-01-04,0.4,17.9,4.0,2020-01
2020-01-05,0.4,15.3,2.2,2020-01
2020-01-06,0.3,,1.4,2020-01
2020-01-07,0.4,29.8,2.4,2020-01
2020-01-08,0.4,38.2,4.1,2020-01
2020-01-09,0.5,34.7,7.8,2020-01
2020-01-10,0.4,28.3,2.4,2020-01
2020-01-11,0.4,28.2,4.6,2020-01
2020-01-12,0.4,17.8,2.2,2020-01
2020-01-13,0.4,35.4,5.6,2020-01
2020-01-14,0.4,28.6,3.9,2020-01
2020-01-15,0.3,23.0,0.9,2020-01
2020-01-16,0.4,40.9,4.2,2020-01
2020-01-17,0.5,31.5,4.6,2020-01
2020-01-18,0.5,29.5,1.5,2020-01
2020-01-19,0.7,35.6,5.8,2020-01
2020-01-20,0.7,,9.1,2020-01
2020-01-21,0.7,33.9,4.7,2020-01
2020-01-22,0.3,41.7,3.2,2020-01
2020-01-23,0.4,38.0,3.5,2020-01
2020-01-24,0.4,40.6,3.5,2020-01
2020-01-25,0.5,28.3,4.2,2020-01
2020-01-26,0.4,18.7,3.0,2020-01
2020-01-27,0.4,31.5,2.9,2020-01
2020-01-28,0.5,44.6,3.7,2020-01
2020-01-29,0.5,35.2,5.0,2020-01
2020-01-30,0.5,30.1,6.2,2020-01
2020-01-31,0.4,33.3,2.7,2020-01
2020-02-01,0.3,16.4,2.7,2020-02
2020-02-02,0.5,30.1,6.5,2020-02
2020-02-03,0.5,28.3,4.8,2020-02
2020-02-04,0.5,36.3,6.1,2020-02
2020-02-05,0.6,38.3,3.0,2020-02
2020-02-06,0.5,37.2,4.6,2020-02
2020-02-07,0.5,35.7,4.3,2020-02
2020-02-08,0.4,14.3,3.2,2020-02
2020-02-09,0.6,30.1,6.5,2020-02
2020-02-10,0.6,28.6,9.8,2020-02
2020-02-11,0.6,26.1,9.9,2020-02
2020-02-12,0.7,38.0,7.5,2020-02
2020-02-13,0.7,30.7,6.3,2020-02
2020-02-14,0.4,36.2,3.4,2020-02
2020-02-15,0.4,16.3,2.2,2020-02
2020-02-16,0.4,19.4,4.0,2020-02
2020-02-17,0.5,39.5,5.1,2020-02
2020-02-18,0.4,21.3,4.5,2020-02
2020-02-19,0.8,44.5,7.3,2020-02
2020-02-20,0.9,53.0,11.2,2020-02
2020-02-21,0.9,39.0,9.4,2020-02
2020-02-22,0.5,41.4,5.6,2020-02
2020-02-23,0.5,17.7,5.2,2020-02
2020-02-24,0.4,48.5,6.2,2020-02
2020-02-25,0.6,42.6,9.1,2020-02
2020-02-26,0.5,43.4,7.4,2020-02
2020-02-27,0.5,37.9,7.7,2020-02
2020-02-28,0.6,25.4,7.6,2020-02
2020-02-29,0.4,21.5,4.5,2020-02
2020-03-01,0.5,31.0,6.9,2020-03
2020-03-02,0.4,41.4,4.3,2020-03
2020-03-03,0.4,33.0,1.2,2020-03
2020-03-04,0.3,34.7,6.4,2020-03
2020-03-05,,34.7,6.4,2020-03
2020-03-06,,41.9,5.1,2020-03
2020-03-07,,28.1,5.7,2020-03
2020-03-08,,25.1,4.8,2020-03
2020-03-09,0.5,33.7,7.6,2020-03
2020-03-10,0.5,30.9,4.2,2020-03
2020-03-11,0.5,30.8,4.4,2020-03
2020-03-12,0.5,34.1,7.1,2020-03
2020-03-13,0.4,17.0,4.7,2020-03
2020-03-14,0.4,11.3,4.6,2020-03
2020-03-15,0.4,12.4,2.5,2020-03
2020-03-16,0.5,25.4,5.9,2020-03
2020-03-17,0.7,41.4,11.8,2020-03
2020-03-18,0.5,53.9,14.4,2020-03
2020-03-19,0.6,58.0,17.4,2020-03
2020-03-20,0.6,45.7,13.2,2020-03
2020-03-21,0.6,44.2,12.5,2020-03
2020-03-22,0.6,26.5,12.5,2020-03
2020-03-23,0.3,77.6,2.7,2020-03
2020-03-24,0.4,24.1,2.1,2020-03
2020-03-25,0.4,31.5,4.6,2020-03
2020-03-26,0.4,32.4,7.0,2020-03
2020-03-27,0.4,28.0,4.3,2020-03
2020-03-28,0.3,13.0,1.3,2020-03
2020-03-29,0.3,20.4,0.9,2020-03
2020-03-30,0.3,22.8,2.7,2020-03
2020-03-31,0.3,29.7,2.8,2020-03
2020-04-01,0.4,26.0,3.5,2020-04
2020-04-02,0.3,25.2,4.4,2020-04
2020-04-03,0.3,21.6,2.3,2020-04
2020-04-04,0.4,20.9,3.0,2020-04
2020-04-05,0.3,10.4,3.3,2020-04
2020-04-06,0.4,25.8,4.4,2020-04
2020-04-07,0.4,21.6,6.9,2020-04
2020-04-08,0.4,17.3,8.9,2020-04
2020-04-09,0.4,30.9,9.4,2020-04
2020-04-10,0.5,31.3,9.0,2020-04
2020-04-11,0.3,24.1,4.5,2020-04
2020-04-12,0.3,21.6,5.6,2020-04
2020-04-13,0.5,28.2,6.3,2020-04
2020-04-14,0.5,35.1,6.4,2020-04
2020-04-15,0.4,24.9,3.2,2020-04
2020-04-16,0.4,32.5,5.8,2020-04
2020-04-17,0.5,32.0,6.3,2020-04
2020-04-18,0.3,18.8,4.5,2020-04
2020-04-19,0.3,13.3,2.5,2020-04
2020-04-20,,22.5,6.3,2020-04
2020-04-21,,21.9,2.5,2020-04
2020-04-22,,,2.4,2020-04
2020-04-23,,27.4,4.1,2020-04
2020-04-24,,31.1,5.0,2020-04
2020-04-25,,17.6,6.1,2020-04
2020-04-26,,11.1,5.2,2020-04
2020-04-27,,18.9,,2020-04
2020-04-28,,28.8,,2020-04
2020-04-29,,25.8,,2020-04
2020-04-30,,22.3,,2020-04
2020-05-01,,31.8,5.3,2020-05
2020-05-02,,26.9,5.2,2020-05
2020-05-03,,12.2,1.5,2020-05
2020-05-04,,32.9,4.5,2020-05
2020-05-05,,27.8,3.9,2020-05
2020-05-06,,26.3,3.5,2020-05
2020-05-07,,18.6,3.6,2020-05
2020-05-08,,29.5,4.1,2020-05
2020-05-09,,48.4,2.9,2020-05
2020-05-10,,46.1,8.2,2020-05
2020-05-11,,43.7,7.0,2020-05
2020-05-12,,30.1,5.7,2020-05
2020-05-13,,25.0,2.4,2020-05
2020-05-14,,29.5,2.8,2020-05
2020-05-15,,28.9,2.7,2020-05
2020-05-16,,23.9,5.4,2020-05
2020-05-17,,15.2,2.1,2020-05
2020-05-18,,26.8,4.6,2020-05
2020-05-19,,23.7,3.3,2020-05
2020-05-20,,22.9,2.7,2020-05
2020-05-21,,16.1,1.5,2020-05
2020-05-22,,19.0,4.5,2020-05
2020-05-23,,27.7,3.7,2020-05
2020-05-24,,34.4,6.6,2020-05
2020-05-25,,25.0,3.8,2020-05
2020-05-26,,32.3,1.7,2020-05
2020-05-27,,17.9,7.1,2020-05
2020-05-28,,36.6,7.8,2020-05
2020-05-29,,23.5,6.5,2020-05
2020-05-30,,22.2,4.9,2020-05
2020-05-31,,10.9,2.5,2020-05
2020-06-01,,20.6,4.6,2020-06
2020-06-02,,29.7,4.9,2020-06
2020-06-03,,25.1,3.5,2020-06
2020-06-04,,19.5,2.9,2020-06
2020-06-05,,23.8,4.0,2020-06
2020-06-06,,12.7,1.9,2020-06
2020-06-07,,14.9,2.8,2020-06
2020-06-08,,19.1,3.6,2020-06
2020-06-09,,16.8,2.3,2020-06
2020-06-10,,29.4,3.5,2020-06
2020-06-11,,25.4,3.5,2020-06
2020-06-12,,28.6,3.6,2020-06
2020-06-13,,21.1,0.9,2020-06
2020-06-14,,12.1,1.8,2020-06
2020-06-15,,15.1,2.7,2020-06
2020-06-16,,27.8,4.0,2020-06
2020-06-17,,21.9,5.4,2020-06
2020-06-18,,18.7,4.6,2020-06
2020-06-19,,35.5,7.7,2020-06
2020-06-20,,16.6,3.1,2020-06
2020-06-21,,15.8,2.2,2020-06
2020-06-22,,22.6,2.8,2020-06
2020-06-23,,29.5,2.0,2020-06
2020-06-24,,25.3,4.3,2020-06
2020-06-25,,26.4,60.5,2020-06
2020-06-26,,27.0,5.5,2020-06
2020-06-27,,10.8,1.2,2020-06
2020-06-28,,28.0,2.9,2020-06
2020-06-29,,19.7,5.5,2020-06
2020-06-30,,20.3,4.4,2020-06
2020-07-01,,22.2,3.8,2020-07
2020-07-02,,21.7,7.1,2020-07
2020-07-03,,20.5,3.2,2020-07
2020-07-04,,15.6,8.1,2020-07
2020-07-05,,11.0,14.5,2020-07
2020-07-06,,20.0,3.9,2020-07
2020-07-07,,20.4,2.3,2020-07
2020-07-08,,18.8,5.4,2020-07
2020-07-09,,26.3,4.1,2020-07
2020-07-10,,22.1,4.5,2020-07
2020-07-11,,19.1,3.5,2020-07
2020-07-12,,14.4,1.7,2020-07
2020-07-13,,19.9,2.5,2020-07
2020-07-14,,25.3,5.1,2020-07
2020-07-15,,21.5,4.7,2020-07
2020-07-16,,31.5,5.7,2020-07
2020-07-17,,23.0,3.7,2020-07
2020-07-18,,17.5,5.0,2020-07
2020-07-19,,20.9,7.2,2020-07
2020-07-20,,38.5,7.7,2020-07
2020-07-21,,30.4,8.2,2020-07
2020-07-22,,16.4,2.8,2020-07
2020-07-23,,19.1,4.3,2020-07
2020-07-24,,18.4,5.2,2020-07
2020-07-25,,11.1,3.5,2020-07
2020-07-26,,21.6,6.0,2020-07
2020-07-27,,43.6,9.1,2020-07
2020-07-28,,22.7,,2020-07
2020-07-29,,29.1,,2020-07
2020-07-30,,64.5,,2020-07
2020-07-31,0.5,33.5,,2020-07
2020-08-01,0.5,35.6,,2020-08
2020-08-02,0.5,21.2,,2020-08
2020-08-03,0.5,26.7,,2020-08
2020-08-04,0.5,23.7,,2020-08
2020-08-05,0.6,30.9,9.5,2020-08
2020-08-06,0.4,20.7,3.7,2020-08
2020-08-07,0.6,24.2,8.1,2020-08
2020-08-08,0.5,24.7,19.1,2020-08
2020-08-09,0.5,29.6,6.3,2020-08
2020-08-10,0.5,28.3,7.2,2020-08
2020-08-11,,26.7,10.1,2020-08
2020-08-12,,27.0,8.3,2020-08
2020-08-13,0.5,22.8,9.0,2020-08
2020-08-14,0.6,25.3,9.0,2020-08
2020-08-15,0.6,22.3,9.2,2020-08
2020-08-16,0.4,46.0,14.1,2020-08
2020-08-17,,26.8,7.0,2020-08
2020-08-18,,21.6,5.5,2020-08
2020-08-19,,39.1,7.2,2020-08
2020-08-20,,18.8,4.7,2020-08
2020-08-21,,21.2,3.8,2020-08
2020-08-22,,12.9,6.0,2020-08
2020-08-23,,13.3,6.1,2020-08
2020-08-24,,25.6,5.4,2020-08
2020-08-25,,27.0,7.6,2020-08
2020-08-26,,24.1,6.0,2020-08
2020-08-27,,28.1,6.8,2020-08
2020-08-28,,22.0,4.9,2020-08
2020-08-29,,22.6,7.5,2020-08
2020-08-30,,23.7,10.1,2020-08
2020-08-31,,36.9,6.5,2020-08
2020-09-01,,38.2,8.2,2020-09
2020-09-02,,28.4,7.7,2020-09
2020-09-03,,26.8,6.5,2020-09
2020-09-04,,51.4,9.4,2020-09
2020-09-05,,21.6,10.1,2020-09
2020-09-06,,46.9,10.4,2020-09
2020-09-07,,42.2,14.4,2020-09
2020-09-08,,26.7,55.0,2020-09
2020-09-09,,64.8,34.7,2020-09
2020-09-10,,78.0,38.5,2020-09
2020-09-11,,56.8,131.3,2020-09
2020-09-12,,25.3,145.6,2020-09
2020-09-13,,51.5,156.9,2020-09
2020-09-14,,63.7,179.0,2020-09
2020-09-15,,69.4,177.7,2020-09
2020-09-16,,38.8,101.1,2020-09
2020-09-17,,37.0,70.7,2020-09
2020-09-18,,30.8,45.0,2020-09
2020-09-19,,20.7,4.5,2020-09
2020-09-20,,35.4,6.3,2020-09
2020-09-21,,28.7,10.1,2020-09
2020-09-22,,32.5,6.4,2020-09
2020-09-23,,19.3,4.6,2020-09
2020-09-24,0.4,30.5,6.2,2020-09
2020-09-25,0.2,22.3,5.6,2020-09
2020-09-26,,22.8,5.9,2020-09
2020-09-27,,19.0,5.3,2020-09
2020-09-28,0.5,17.8,4.5,2020-09
2020-09-29,0.7,44.4,10.2,2020-09
2020-09-30,0.9,44.1,16.7,2020-09
2020-10-01,0.8,31.9,18.4,2020-10
2020-10-02,0.8,36.6,20.1,2020-10
2020-10-03,0.7,21.4,15.0,2020-10
2020-10-04,0.6,27.0,8.9,2020-10
2020-10-05,0.6,22.8,11.0,2020-10
2020-10-06,0.6,20.9,11.5,2020-10
2020-10-07,0.3,29.1,12.8,2020-10
2020-10-08,,31.4,5.7,2020-10
2020-10-09,,20.7,4.8,2020-10
2020-10-10,,22.8,2.9,2020-10
2020-10-11,,13.4,3.3,2020-10
2020-10-12,0.5,25.5,6.2,2020-10
2020-10-13,0.3,23.1,5.5,2020-10
2020-10-14,0.5,31.6,7.2,2020-10
2020-10-15,0.6,38.5,9.3,2020-10
2020-10-16,0.5,25.3,5.1,2020-10
2020-10-17,0.4,17.5,7.5,2020-10
2020-10-18,0.4,19.4,2.1,2020-10
2020-10-19,0.5,31.5,3.7,2020-10
2020-10-20,0.6,37.4,7.2,2020-10
2020-10-21,0.5,30.3,8.2,2020-10
2020-10-22,0.6,28.4,9.8,2020-10
2020-10-23,0.5,27.0,7.4,2020-10
2020-10-24,0.3,18.4,4.8,2020-10
2020-10-25,0.4,16.6,8.8,2020-10
2020-10-26,0.5,27.3,9.0,2020-10
2020-10-27,0.7,32.3,10.5,2020-10
2020-10-28,0.5,26.9,8.0,2020-10
2020-10-29,0.8,35.6,8.2,2020-10
2020-10-30,0.6,30.9,6.2,2020-10
2020-10-31,0.4,19.9,7.4,2020-10
2020-11-01,0.9,28.3,12.4,2020-11
2020-11-02,0.9,34.6,16.0,2020-11
2020-11-03,0.5,28.9,12.0,2020-11
2020-11-04,0.4,31.0,3.2,2020-11
2020-11-05,0.3,32.1,6.3,2020-11
2020-11-06,0.4,23.8,5.0,2020-11
2020-11-07,0.8,28.8,9.8,2020-11
2020-11-08,0.4,30.0,4.8,2020-11
2020-11-09,0.5,25.1,10.6,2020-11
2020-11-10,0.5,37.4,7.5,2020-11
2020-11-11,0.4,21.7,8.7,2020-11
2020-11-12,0.5,25.1,8.0,2020-11
2020-11-13,0.3,26.3,3.4,2020-11
2020-11-14,0.4,24.6,5.2,2020-11
2020-11-15,0.3,14.6,4.0,2020-11
2020-11-16,0.6,23.8,5.5,2020-11
2020-11-17,0.6,30.7,6.1,2020-11
2020-11-18,0.3,34.8,4.6,2020-11
2020-11-19,0.4,30.3,5.7,2020-11
2020-11-20,0.6,31.4,6.1,2020-11
2020-11-21,0.5,26.9,11.5,2020-11
2020-11-22,0.6,23.2,16.4,2020-11
2020-11-23,0.5,26.7,7.6,2020-11
2020-11-24,0.4,20.1,4.4,2020-11
2020-11-25,0.6,30.5,8.1,2020-11
2020-11-26,0.5,14.7,5.5,2020-11
2020-11-27,0.4,18.8,3.5,2020-11
2020-11-28,0.5,25.2,7.7,2020-11
2020-11-29,0.9,26.5,14.2,2020-11
2020-11-30,0.7,31.6,8.7,2020-11
2020-12-01,0.5,27.7,7.5,2020-12
2020-12-02,1.0,43.7,11.7,2020-12
2020-12-03,1.2,36.3,18.9,2020-12
2020-12-04,1.0,36.0,19.5,2020-12
2020-12-05,0.9,32.5,16.6,2020-12
2020-12-06,0.6,26.2,8.2,2020-12
2020-12-07,0.5,25.7,7.1,2020-12
2020-12-08,0.5,30.3,5.8,2020-12
2020-12-09,0.5,27.3,6.2,2020-12
2020-12-10,0.5,26.1,6.2,2020-12
2020-12-11,0.6,28.7,7.9,2020-12
2020-12-12,0.6,27.8,7.0,2020-12
2020-12-13,0.6,22.5,5.2,2020-12
2020-12-14,0.5,37.4,8.6,2020-12
2020-12-15,0.4,30.8,4.1,2020-12
2020-12-16,0.3,27.9,3.6,2020-12
2020-12-17,0.5,32.6,5.2,2020-12
2020-12-18,0.4,32.4,4.2,2020-12
2020-12-19,0.4,21.4,4.2,2020-12
2020-12-20,0.5,26.7,5.4,2020-12
2020-12-21,0.4,36.9,4.5,2020-12
2020-12-22,0.7,33.1,8.0,2020-12
2020-12-23,0.6,27.5,8.0,2020-12
2020-12-24,1.2,26.5,22.5,2020-12
2020-12-25,1.2,29.3,16.2,2020-12
2020-12-26,0.3,20.6,4.4,2020-12
2020-12-27,0.8,27.6,9.0,2020-12
2020-12-28,0.8,21.0,6.2,2020-12
2020-12-29,0.6,24.5,11.2,2020-12
2020-12-30,0.6,40.4,5.0,2020-12
2020-12-31,0.4,27.7,4.0,2020-12
2021-01-01,0.3,17.7,5.5,2021-01
2021-01-02,0.2,19.1,1.3,2021-01
2021-01-03,0.3,12.2,3.0,2021-01
2021-01-04,0.3,31.0,2.2,2021-01
2021-01-05,0.5,33.4,2.9,2021-01
2021-01-06,0.6,37.3,6.0,2021-01
2021-01-07,0.7,25.3,8.7,2021-01
2021-01-08,0.8,34.5,7.0,2021-01
2021-01-09,0.8,28.0,7.0,2021-01
2021-01-10,0.6,23.9,8.2,2021-01
2021-01-11,0.4,29.6,3.2,2021-01
2021-01-12,0.4,27.5,1.6,2021-01
2021-01-13,0.6,30.9,8.6,2021-01
2021-01-14,0.8,38.1,7.7,2021-01
2021-01-15,0.6,31.9,8.2,2021-01
2021-01-16,0.7,21.4,11.3,2021-01
2021-01-17,0.7,25.7,10.6,2021-01
2021-01-18,0.3,18.0,6.4,2021-01
2021-01-19,0.7,22.6,12.9,2021-01
2021-01-20,1.0,32.6,18.8,2021-01
2021-01-21,0.6,19.3,9.5,2021-01
2021-01-22,0.3,20.3,5.1,2021-01
2021-01-23,0.5,27.4,14.1,2021-01
2021-01-24,0.5,16.4,6.5,2021-01
2021-01-25,0.5,35.0,7.0,2021-01
2021-01-26,0.5,26.9,3.6,2021-01
2021-01-27,0.6,51.0,3.5,2021-01
2021-01-28,0.4,40.9,4.2,2021-01
2021-01-29,0.6,28.7,10.7,2021-01
2021-01-30,0.4,31.5,5.5,2021-01
2021-01-31,0.4,28.7,5.4,2021-01
2021-02-01,0.4,24.2,4.0,2021-02
2021-02-02,0.3,35.0,2.6,2021-02
2021-02-03,0.5,29.0,3.5,2021-02
2021-02-04,0.4,30.3,3.9,2021-02
2021-02-05,0.4,38.4,2.7,2021-02
2021-02-06,0.3,19.2,2.5,2021-02
2021-02-07,0.3,20.3,4.5,2021-02
2021-02-08,0.5,32.6,7.0,2021-02
2021-02-09,0.4,19.1,4.7,2021-02
2021-02-10,0.6,33.4,12.0,2021-02
2021-02-11,0.5,16.8,3.8,2021-02
2021-02-12,0.3,20.4,5.3,2021-02
2021-02-13,0.3,35.6,6.9,2021-02
2021-02-14,0.2,15.5,4.7,2021-02
2021-02-15,0.4,37.1,4.1,2021-02
2021-02-16,0.5,44.0,6.5,2021-02
2021-02-17,0.6,38.0,6.0,2021-02
2021-02-18,0.6,47.2,6.2,2021-02
2021-02-19,0.4,31.7,4.8,2021-02
2021-02-20,0.4,28.4,3.4,2021-02
2021-02-21,0.3,12.0,1.0,2021-02
2021-02-22,0.4,24.8,2.3,2021-02
2021-02-23,0.4,42.5,3.5,2021-02
2021-02-24,0.6,37.3,8.8,2021-02
2021-02-25,0.5,33.7,4.9,2021-02
2021-02-26,0.5,39.8,4.0,2021-02
2021-02-27,0.5,31.7,7.7,2021-02
2021-02-28,0.4,21.9,4.0,2021-02
2021-03-01,0.5,30.5,6.8,2021-03
2021-03-02,0.4,23.2,4.2,2021-03
2021-03-03,0.7,43.7,13.1,2021-03
2021-03-04,0.6,36.1,11.1,2021-03
2021-03-05,0.4,34.5,7.2,2021-03
2021-03-06,0.4,19.3,3.9,2021-03
2021-03-07,0.4,18.4,3.2,2021-03
2021-03-08,0.6,37.4,6.2,2021-03
2021-03-09,0.5,36.9,7.9,2021-03
2021-03-10,0.4,21.7,6.5,2021-03
2021-03-11,0.6,32.9,7.9,2021-03
2021-03-12,0.8,50.3,14.6,2021-03
2021-03-13,0.7,46.8,14.7,2021-03
2021-03-14,0.6,29.3,10.2,2021-03
2021-03-15,0.4,32.9,3.9,2021-03
2021-03-16,0.7,36.5,9.7,2021-03
2021-03-17,0.7,36.4,12.0,2021-03
2021-03-18,0.6,31.4,9.5,2021-03
2021-03-19,0.4,32.3,3.8,2021-03
2021-03-20,0.3,19.8,3.7,2021-03
2021-03-21,0.3,20.1,3.4,2021-03
2021-03-22,0.4,25.1,3.5,2021-03
2021-03-23,0.6,36.6,8.1,2021-03
2021-03-24,0.4,25.6,0.9,2021-03
2021-03-25,0.4,30.7,4.4,2021-03
2021-03-26,0.4,33.3,8.6,2021-03
2021-03-27,0.4,27.0,10.7,2021-03
2021-03-28,0.4,22.4,3.3,2021-03
2021-03-29,0.4,33.2,5.4,2021-03
2021-03-30,0.5,32.1,9.0,2021-03
2021-03-31,0.6,38.4,8.0,2021-03
2021-04-01,0.6,39.7,12.9,2021-04
2021-04-02,0.5,33.2,8.2,2021-04
2021-04-03,0.5,30.8,9.1,2021-04
2021-04-04,0.3,16.5,1.3,2021-04
2021-04-05,0.6,44.4,7.7,2021-04
2021-04-06,0.5,44.3,8.5,2021-04
2021-04-07,0.4,27.0,3.7,2021-04
2021-04-08,0.4,25.2,3.6,2021-04
2021-04-09,0.4,26.8,4.5,2021-04
2021-04-10,0.3,15.8,2.4,2021-04
2021-04-11,0.3,15.0,4.0,2021-04
2021-04-12,0.4,15.2,3.5,2021-04
2021-04-13,0.3,20.2,2.9,2021-04
2021-04-14,0.4,22.4,3.1,2021-04
2021-04-15,0.5,39.6,7.1,2021-04
2021-04-16,0.5,47.7,9.3,2021-04
2021-04-17,0.7,55.9,12.7,2021-04
2021-04-18,0.6,39.4,19.4,2021-04
2021-04-19,0.5,49.4,8.9,2021-04
2021-04-20,0.5,41.9,9.0,2021-04
2021-04-21,0.5,37.9,10.2,2021-04
2021-04-22,0.4,25.3,9.1,2021-04
2021-04-23,0.4,25.9,8.1,2021-04
2021-04-24,0.3,18.0,4.4,2021-04
2021-04-25,0.4,19.8,2.2,2021-04
2021-04-26,0.4,34.1,3.9,2021-04
2021-04-27,0.4,30.6,4.9,2021-04
2021-04-28,0.5,30.4,5.5,2021-04
2021-04-29,0.5,34.8,6.0,2021-04
2021-04-30,0.4,32.8,4.2,2021-04
2021-05-01,0.4,20.0,3.7,2021-05
2021-05-02,0.4,27.2,3.7,2021-05
2021-05-03,0.4,22.1,4.2,2021-05
2021-05-04,0.4,22.0,4.6,2021-05
2021-05-05,0.6,38.7,6.4,2021-05
2021-05-06,0.5,27.5,5.5,2021-05
2021-05-07,0.3,27.4,3.4,2021-05
2021-05-08,0.4,14.2,4.0,2021-05
2021-05-09,0.4,18.3,3.2,2021-05
2021-05-10,0.4,29.7,3.7,2021-05
2021-05-11,0.4,23.3,5.1,2021-05
2021-05-12,0.4,17.9,2.4,2021-05
2021-05-13,0.5,16.5,3.5,2021-05
2021-05-14,0.4,25.3,4.8,2021-05
2021-05-15,0.4,32.4,6.8,2021-05
2021-05-16,0.5,41.9,8.7,2021-05
2021-05-17,0.3,24.3,3.5,2021-05
2021-05-18,0.3,22.3,2.9,2021-05
2021-05-19,0.4,25.2,2.6,2021-05
2021-05-20,0.5,25.6,6.5,2021-05
2021-05-21,0.5,25.9,8.3,2021-05
2021-05-22,0.5,18.2,8.7,2021-05
2021-05-23,0.3,9.0,3.0,2021-05
2021-05-24,0.4,24.6,4.4,2021-05
2021-05-25,0.4,21.2,4.1,2021-05
2021-05-26,0.4,28.0,3.3,2021-05
2021-05-27,0.4,23.9,3.9,2021-05
2021-05-28,0.4,26.1,4.0,2021-05
2021-05-29,0.4,21.5,3.7,2021-05
2021-05-30,0.4,29.8,7.1,2021-05
2021-05-31,0.4,35.2,7.2,2021-05
2021-06-01,0.6,42.8,6.7,2021-06
2021-06-02,0.5,35.7,8.0,2021-06
2021-06-03,0.4,21.5,5.2,2021-06
2021-06-04,0.4,23.8,4.0,2021-06
2021-06-05,0.3,11.8,1.7,2021-06
2021-06-06,0.3,13.2,2.2,2021-06
2021-06-07,0.5,33.5,2.4,2021-06
2021-06-08,0.4,27.5,4.0,2021-06
2021-06-09,0.4,24.0,3.5,2021-06
2021-06-10,0.4,24.6,3.4,2021-06
2021-06-11,0.3,34.8,4.8,2021-06
2021-06-12,0.4,32.5,5.9,2021-06
2021-06-13,0.4,38.0,6.4,2021-06
2021-06-14,0.4,29.6,,2021-06
2021-06-15,0.3,19.6,,2021-06
2021-06-16,0.4,28.0,,2021-06
2021-06-17,0.4,32.1,,2021-06
2021-06-18,0.3,18.3,,2021-06
2021-06-19,0.3,17.9,5.7,2021-06
2021-06-20,0.3,9.0,4.7,2021-06
2021-06-21,0.5,32.9,7.6,2021-06
2021-06-22,0.5,33.1,8.6,2021-06
2021-06-23,0.4,24.9,5.7,2021-06
2021-06-24,0.4,28.3,7.1,2021-06
2021-06-25,0.4,,9.7,2021-06
2021-06-26,,,14.2,2021-06
2021-06-27,,,19.7,2021-06
2021-06-28,,,26.3,2021-06
2021-06-30,,,8.5,2021-06
2021-07-01,,,7.4,2021-07
2021-07-02,,,12.7,2021-07
2021-07-03,,,10.8,2021-07
2021-07-04,,,10.0,2021-07
2021-07-05,,,9.4,2021-07
2021-07-06,,,8.6,2021-07
2021-07-07,0.3,20.5,6.0,2021-07
2021-07-08,0.4,44.7,7.8,2021-07
2021-07-09,0.4,33.6,8.4,2021-07
2021-07-10,0.4,30.9,7.5,2021-07
2021-07-11,0.3,20.9,6.0,2021-07
2021-07-12,0.5,37.4,7.6,2021-07
2021-07-13,0.5,38.2,10.4,2021-07
2021-07-14,0.4,26.0,10.4,2021-07
2021-07-15,0.4,30.9,6.6,2021-07
2021-07-16,0.4,18.3,3.9,2021-07
2021-07-17,0.4,14.6,2.8,2021-07
2021-07-18,0.3,,3.7,2021-07
2021-07-19,0.5,32.7,6.0,2021-07
2021-07-20,0.3,21.2,3.4,2021-07
2021-07-21,0.4,24.5,4.9,2021-07
2021-07-22,0.4,20.9,3.2,2021-07
2021-07-23,0.4,24.3,4.2,2021-07
2021-07-24,0.3,17.2,2.6,2021-07
2021-07-25,0.3,,4.3,2021-07
2021-07-26,0.3,21.6,3.4,2021-07
2021-07-27,0.4,27.5,5.4,2021-07
2021-07-28,0.5,39.3,6.4,2021-07
2021-07-29,0.5,31.0,6.7,2021-07
2021-07-30,0.6,48.6,8.5,2021-07
2021-07-31,0.5,27.3,7.9,2021-07
2021-08-01,0.5,32.0,7.6,2021-08
2021-08-02,0.4,24.7,9.6,2021-08
2021-08-03,0.6,36.2,11.1,2021-08
2021-08-04,0.4,24.5,5.6,2021-08
2021-08-05,0.5,26.6,4.9,2021-08
2021-08-06,0.5,29.1,5.7,2021-08
2021-08-07,0.4,12.4,2.6,2021-08
2021-08-08,0.4,14.7,7.0,2021-08
2021-08-09,0.4,26.2,7.0,2021-08
2021-08-10,0.4,21.1,5.3,2021-08
2021-08-11,0.4,32.3,5.8,2021-08
2021-08-12,0.7,62.9,22.0,2021-08
2021-08-13,1.0,77.0,46.5,2021-08
2021-08-14,0.9,43.0,12.4,2021-08
2021-08-15,0.7,36.5,8.0,2021-08
2021-08-16,0.5,24.7,8.3,2021-08
2021-08-17,0.4,27.3,8.2,2021-08
2021-08-18,0.5,45.2,11.8,2021-08
2021-08-19,0.5,38.1,10.3,2021-08
2021-08-20,0.4,17.6,3.8,2021-08
2021-08-21,0.4,19.0,4.4,2021-08
2021-08-22,0.4,14.7,7.0,2021-08
2021-08-23,0.5,26.8,8.0,2021-08
2021-08-24,0.6,32.1,8.0,2021-08
2021-08-25,0.7,44.0,11.2,2021-08
2021-08-26,0.4,20.9,4.9,2021-08
2021-08-27,0.3,14.0,5.1,2021-08
2021-08-28,0.4,22.1,6.0,2021-08
2021-08-29,0.4,18.6,4.1,2021-08
2021-08-30,0.5,31.5,6.1,2021-08
2021-08-31,0.4,23.4,4.6,2021-08
2021-09-01,0.4,18.1,4.7,2021-09
2021-09-02,0.6,44.6,8.5,2021-09
2021-09-03,0.6,44.3,11.3,2021-09
2021-09-04,0.6,34.0,7.9,2021-09
2021-09-05,0.5,28.3,5.1,2021-09
2021-09-06,0.5,30.6,4.8,2021-09
2021-09-07,0.5,42.0,7.7,2021-09
2021-09-08,0.5,42.8,7.4,2021-09
2021-09-09,0.5,39.8,7.5,2021-09
2021-09-10,0.4,29.5,4.2,2021-09
2021-09-11,0.4,27.6,4.7,2021-09
2021-09-12,0.4,15.1,4.1,2021-09
2021-09-13,0.5,27.0,5.3,2021-09
2021-09-14,0.5,27.6,8.7,2021-09
2021-09-15,0.4,28.4,4.9,2021-09
2021-09-16,0.5,32.1,6.7,2021-09
2021-09-17,0.5,32.1,8.7,2021-09
2021-09-18,0.3,23.7,4.8,2021-09
2021-09-19,0.4,27.1,6.1,2021-09
2021-09-20,0.5,26.3,6.4,2021-09
2021-09-21,0.6,35.7,8.0,2021-09
2021-09-22,0.6,30.7,9.0,2021-09
2021-09-23,0.5,22.9,6.7,2021-09
2021-09-24,0.6,36.3,8.9,2021-09
2021-09-25,0.6,29.4,11.0,2021-09
2021-09-26,0.3,25.4,6.5,2021-09
2021-09-27,0.4,28.4,4.2,2021-09
2021-09-28,0.3,30.1,5.2,2021-09
2021-09-29,0.6,29.3,7.7,2021-09
2021-09-30,0.5,33.2,7.7,2021-09
2021-10-01,0.4,22.8,6.5,2021-10
2021-10-02,0.5,31.6,10.2,2021-10
2021-10-03,0.4,24.8,5.6,2021-10
2021-10-04,0.6,38.3,7.3,2021-10
2021-10-05,0.6,29.3,6.8,2021-10
2021-10-06,0.4,28.3,3.7,2021-10
2021-10-07,0.5,23.3,5.3,2021-10
2021-10-08,0.8,48.6,12.4,2021-10
2021-10-09,0.7,18.0,7.0,2021-10
2021-10-10,0.3,27.2,5.1,2021-10
2021-10-11,0.6,38.0,6.5,2021-10
2021-10-12,0.5,22.9,7.0,2021-10
2021-10-13,0.6,29.6,9.5,2021-10
2021-10-14,0.5,22.1,4.0,2021-10
2021-10-15,0.5,27.8,7.2,2021-10
2021-10-16,0.5,16.7,5.4,2021-10
2021-10-17,0.5,28.2,5.0,2021-10
2021-10-18,0.5,31.3,3.9,2021-10
2021-10-19,0.6,29.7,9.9,2021-10
2021-10-20,0.5,,7.7,2021-10
2021-10-21,0.5,29.6,4.2,2021-10
2021-10-22,0.5,30.1,7.1,2021-10
2021-10-23,0.4,16.6,6.0,2021-10
2021-10-24,0.3,12.2,2.5,2021-10
2021-10-25,0.3,15.1,3.4,2021-10
2021-10-26,0.3,20.2,4.3,2021-10
2021-10-27,0.4,27.1,7.0,2021-10
2021-10-28,0.4,20.4,2.7,2021-10
2021-10-29,0.3,21.2,3.5,2021-10
2021-10-30,0.3,21.4,5.2,2021-10
2021-10-31,0.7,28.6,12.8,2021-10
2021-11-01,1.0,40.0,14.0,2021-11
2021-11-02,0.8,27.1,8.9,2021-11
2021-11-03,0.6,32.3,10.8,2021-11
2021-11-04,0.4,27.4,4.7,2021-11
2021-11-05,0.4,26.8,8.0,2021-11
2021-11-06,0.4,15.5,2.7,2021-11
2021-11-07,0.3,16.4,2.3,2021-11
2021-11-08,0.4,26.6,4.1,2021-11
2021-11-09,0.3,19.9,5.8,2021-11
2021-11-10,0.7,26.6,8.7,2021-11
2021-11-11,0.5,20.4,2.3,2021-11
2021-11-12,0.5,27.5,5.3,2021-11
2021-11-13,0.5,25.6,9.7,2021-11
2021-11-14,0.2,8.1,0.5,2021-11
2021-11-15,0.3,17.1,2.6,2021-11
2021-11-16,0.4,29.7,5.6,2021-11
2021-11-17,1.0,33.0,9.0,2021-11
2021-11-18,1.0,36.3,8.1,2021-11
2021-11-19,0.4,21.8,4.9,2021-11
2021-11-20,0.5,27.4,10.6,2021-11
2021-11-21,0.8,23.5,15.4,2021-11
2021-11-22,0.9,27.9,13.5,2021-11
2021-11-23,0.5,27.4,5.9,2021-11
2021-11-24,0.7,36.7,7.8,2021-11
2021-11-25,0.7,21.1,8.6,2021-11
2021-11-26,0.4,26.9,4.5,2021-11
2021-11-27,0.5,17.9,5.2,2021-11
2021-11-28,0.3,16.5,2.1,2021-11
2021-11-29,0.5,30.8,4.3,2021-11
2021-11-30,0.4,27.8,3.1,2021-11
2021-12-01,0.3,18.2,2.9,2021-12
2021-12-02,0.3,15.0,4.2,2021-12
2021-12-03,0.3,16.9,7.5,2021-12
2021-12-04,0.4,21.4,8.7,2021-12
2021-12-05,0.5,23.4,8.3,2021-12
2021-12-06,0.4,24.7,6.2,2021-12
2021-12-07,0.5,26.9,4.3,2021-12
2021-12-08,0.5,24.7,3.5,2021-12
2021-12-09,0.6,31.3,6.6,2021-12
2021-12-10,0.5,31.1,3.8,2021-12
2021-12-11,0.3,13.3,2.2,2021-12
2021-12-12,0.4,19.2,3.0,2021-12
2021-12-13,0.7,42.3,6.8,2021-12
2021-12-14,0.5,33.9,4.0,2021-12
2021-12-15,0.4,27.6,3.7,2021-12
2021-12-16,0.6,30.6,6.1,2021-12
2021-12-17,0.7,22.3,10.2,2021-12
2021-12-18,0.3,28.1,4.5,2021-12
2021-12-19,0.4,24.8,7.0,2021-12
2021-12-20,0.3,23.9,4.9,2021-12
2021-12-21,0.6,22.2,6.8,2021-12
2021-12-22,0.5,30.9,5.5,2021-12
2021-12-23,0.3,26.7,2.5,2021-12
2021-12-24,0.4,15.8,3.0,2021-12
2021-12-25,0.3,9.5,4.4,2021-12
2021-12-26,0.3,7.4,4.9,2021-12
2021-12-27,0.3,22.1,6.8,2021-12
2021-12-28,0.3,16.3,5.5,2021-12
2021-12-29,0.3,20.0,6.1,2021-12
2021-12-30,0.3,22.2,5.3,2021-12
2021-12-31,0.4,30.3,10.7,2021-12
2022-01-01,0.4,23.9,14.2,2022-01
2022-01-02,0.5,32.5,7.3,2022-01
2022-01-03,0.3,28.9,4.5,2022-01
2022-01-04,0.4,30.6,6.2,2022-01
2022-01-05,0.3,23.3,3.3,2022-01
2022-01-06,0.3,27.6,4.4,2022-01
2022-01-07,0.4,31.5,4.2,2022-01
2022-01-08,0.4,24.0,7.4,2022-01
2022-01-09,1.1,33.3,13.3,2022-01
2022-01-10,1.0,37.6,12.7,2022-01
2022-01-11,0.5,39.5,5.7,2022-01
2022-01-12,0.8,35.0,8.3,2022-01
2022-01-13,0.7,31.8,8.3,2022-01
2022-01-14,0.9,27.3,9.6,2022-01
2022-01-15,0.9,22.4,13.8,2022-01
2022-01-16,0.5,18.2,9.6,2022-01
2022-01-17,0.7,23.5,11.8,2022-01
2022-01-18,0.6,28.7,6.1,2022-01
2022-01-19,0.6,29.7,6.4,2022-01
2022-01-20,0.6,22.9,4.0,2022-01
2022-01-21,0.6,33.6,9.6,2022-01
2022-01-22,0.4,16.7,7.3,2022-01
2022-01-23,0.4,14.0,8.9,2022-01
2022-01-24,0.3,15.4,10.2,2022-01
2022-01-25,0.5,19.4,11.2,2022-01
2022-01-26,0.3,18.8,10.4,2022-01
2022-01-27,,32.0,14.3,2022-01
2022-01-28,,31.5,16.4,2022-01
2022-01-29,,30.5,10.4,2022-01
2022-01-30,0.4,24.4,9.1,2022-01
2022-01-31,0.5,29.8,5.3,2022-01
2022-02-01,0.5,32.0,7.2,2022-02
2022-02-02,0.4,23.6,6.6,2022-02
2022-02-03,0.6,28.4,8.2,2022-02
2022-02-04,0.5,24.5,4.8,2022-02
2022-02-05,0.4,24.7,6.7,2022-02
2022-02-06,0.9,28.4,13.5,2022-02
2022-02-07,0.9,30.5,9.4,2022-02
2022-02-08,0.6,34.6,8.2,2022-02
2022-02-09,0.7,38.6,13.1,2022-02
2022-02-10,0.7,19.7,7.0,2022-02
2022-02-11,0.3,17.2,6.1,2022-02
2022-02-12,0.5,24.0,9.8,2022-02
2022-02-13,0.8,35.2,17.7,2022-02
2022-02-14,0.6,31.9,8.2,2022-02
2022-02-15,0.5,32.1,12.3,2022-02
2022-02-16,0.7,32.5,11.1,2022-02
2022-02-17,0.6,27.9,7.8,2022-02
2022-02-18,0.6,29.3,9.1,2022-02
2022-02-19,0.6,20.9,4.5,2022-02
2022-02-20,0.4,16.1,4.4,2022-02
2022-02-21,0.5,18.8,5.0,2022-02
2022-02-22,0.3,10.1,6.0,2022-02
2022-02-23,0.7,30.3,13.5,2022-02
2022-02-24,0.6,34.2,10.4,2022-02
2022-02-25,0.8,35.1,12.4,2022-02
2022-02-26,0.9,31.7,9.3,2022-02
2022-02-27,0.4,15.6,4.2,2022-02
2022-02-28,0.4,28.0,3.9,2022-02
2022-03-01,0.6,24.4,5.3,2022-03
2022-03-02,0.6,23.4,6.9,2022-03
2022-03-03,0.5,30.1,5.6,2022-03
2022-03-04,0.4,20.8,5.8,2022-03
2022-03-05,0.5,29.7,8.2,2022-03
2022-03-06,0.7,28.8,14.2,2022-03
2022-03-07,0.6,25.4,11.8,2022-03
2022-03-08,0.6,33.2,11.2,2022-03
2022-03-09,0.6,18.2,6.4,2022-03
2022-03-10,0.6,42.2,9.5,2022-03
2022-03-11,0.6,37.5,7.4,2022-03
2022-03-12,0.5,25.0,9.0,2022-03
2022-03-13,0.4,26.5,4.0,2022-03
2022-03-14,0.5,30.7,8.0,2022-03
2022-03-15,0.4,23.2,6.5,2022-03
2022-03-16,0.4,28.9,6.9,2022-03
2022-03-17,0.5,26.7,7.3,2022-03
2022-03-18,0.5,29.2,6.1,2022-03
2022-03-19,0.4,18.1,4.7,2022-03
2022-03-20,0.4,17.3,5.5,2022-03
2022-03-21,0.5,25.8,5.1,2022-03
2022-03-22,0.8,26.8,6.0,2022-03
2022-03-23,0.9,22.1,6.4,2022-03
2022-03-24,0.6,24.5,4.7,2022-03
2022-03-25,0.6,34.9,8.1,2022-03
2022-03-26,0.5,40.5,9.4,2022-03
2022-03-27,0.5,36.7,8.0,2022-03
2022-03-28,0.4,29.0,5.1,2022-03
2022-03-29,0.6,25.2,6.7,2022-03
2022-03-30,0.4,31.3,3.3,2022-03
2022-03-31,0.4,31.6,3.7,2022-03
2022-04-01,0.4,29.8,3.6,2022-04
2022-04-02,0.4,20.5,3.8,2022-04
2022-04-03,0.4,12.8,4.7,2022-04
2022-04-04,0.3,20.6,5.4,2022-04
2022-04-05,0.4,35.9,5.7,2022-04
2022-04-06,0.6,43.8,5.9,2022-04
2022-04-07,0.7,47.4,10.3,2022-04
2022-04-08,0.5,21.1,3.2,2022-04
2022-04-09,0.3,13.1,3.6,2022-04
2022-04-10,0.4,18.6,2.0,2022-04
2022-04-11,0.4,19.3,3.1,2022-04
2022-04-12,0.4,28.3,5.2,2022-04
2022-04-13,0.5,25.7,4.5,2022-04
2022-04-14,0.4,34.4,6.7,2022-04
2022-04-15,0.5,27.9,4.6,2022-04
2022-04-16,0.4,19.9,3.8,2022-04
2022-04-17,0.4,41.9,2.3,2022-04
2022-04-18,0.5,44.1,5.9,2022-04
2022-04-19,0.4,27.2,4.0,2022-04
2022-04-20,0.3,35.9,4.1,2022-04
2022-04-21,0.3,31.7,4.2,2022-04
2022-04-22,,28.1,6.5,2022-04
2022-04-23,,48.5,8.0,2022-04
2022-04-24,,,7.0,2022-04
2022-04-25,,,8.4,2022-04
2022-04-26,,26.4,4.6,2022-04
2022-04-27,,,5.2,2022-04
2022-04-28,,26.5,6.0,2022-04
2022-04-29,,,3.9,2022-04
2022-04-30,,27.5,4.9,2022-04
2022-05-01,,,8.5,2022-05
2022-05-02,,,5.8,2022-05
2022-05-03,0.4,35.4,4.8,2022-05
2022-05-04,0.6,37.2,6.9,2022-05
2022-05-05,0.4,42.4,5.0,2022-05
2022-05-06,0.5,40.2,5.5,2022-05
2022-05-07,0.3,21.4,3.6,2022-05
2022-05-08,0.4,18.1,2.9,2022-05
2022-05-09,0.4,27.7,2.7,2022-05
2022-05-10,0.4,26.8,4.5,2022-05
2022-05-11,0.4,19.8,3.4,2022-05
2022-05-12,0.3,23.7,2.7,2022-05
2022-05-13,0.5,32.7,4.0,2022-05
2022-05-14,0.4,31.4,4.7,2022-05
2022-05-15,0.4,30.1,4.8,2022-05
2022-05-16,0.4,24.0,3.7,2022-05
2022-05-17,0.4,27.4,4.7,2022-05
2022-05-18,0.4,23.4,5.5,2022-05
2022-05-19,0.4,23.3,4.3,2022-05
2022-05-20,0.5,31.0,6.8,2022-05
2022-05-21,0.3,16.3,4.9,2022-05
2022-05-22,0.4,25.4,4.3,2022-05
2022-05-23,0.4,25.1,6.2,2022-05
2022-05-24,0.4,26.6,4.4,2022-05
2022-05-25,0.3,18.6,3.0,2022-05
2022-05-26,0.6,39.0,6.9,2022-05
2022-05-27,0.3,20.4,3.5,2022-05
2022-05-28,0.4,27.3,5.6,2022-05
2022-05-29,0.2,22.8,4.0,2022-05
2022-05-30,0.4,15.1,4.3,2022-05
2022-05-31,0.4,24.5,7.5,2022-05
2022-06-01,0.5,28.8,7.8,2022-06
2022-06-02,0.5,37.5,10.2,2022-06
2022-06-03,0.4,34.6,5.7,2022-06
2022-06-04,0.4,21.5,4.5,2022-06
2022-06-05,0.2,14.4,1.4,2022-06
2022-06-06,0.4,22.4,2.7,2022-06
2022-06-07,0.4,26.4,3.8,2022-06
2022-06-08,0.4,33.6,4.6,2022-06
2022-06-09,0.5,31.7,5.7,2022-06
2022-06-10,0.4,18.2,4.0,2022-06
2022-06-11,0.3,21.6,2.7,2022-06
2022-06-12,0.3,13.8,3.5,2022-06
2022-06-13,0.3,19.0,3.7,2022-06
2022-06-14,0.3,20.1,4.3,2022-06
2022-06-15,0.5,37.3,7.3,2022-06
2022-06-16,0.6,25.9,7.3,2022-06
2022-06-17,0.4,27.0,5.7,2022-06
2022-06-18,0.4,19.8,3.9,2022-06
2022-06-19,0.4,22.6,4.2,2022-06
2022-06-20,0.4,33.0,6.7,2022-06
2022-06-21,0.5,29.9,8.2,2022-06
2022-06-22,0.4,33.9,4.2,2022-06
2022-06-23,0.4,20.7,4.7,2022-06
2022-06-24,0.4,16.1,4.0,2022-06
2022-06-25,0.4,23.7,5.1,2022-06
2022-06-26,0.4,35.8,7.8,2022-06
2022-06-27,0.5,38.8,11.5,2022-06
2022-06-28,0.3,15.2,4.2,2022-06
2022-06-29,0.4,26.5,3.6,2022-06
2022-06-30,0.4,22.5,5.4,2022-06
2022-07-01,0.5,25.9,7.5,2022-07
2022-07-02,0.3,17.1,7.3,2022-07
2022-07-03,0.3,11.7,6.0,2022-07
2022-07-04,0.4,11.9,7.0,2022-07
2022-07-05,0.4,31.3,10.8,2022-07
2022-07-06,0.5,28.9,9.2,2022-07
2022-07-07,0.4,21.3,4.8,2022-07
2022-07-08,0.5,23.4,4.9,2022-07
2022-07-09,0.3,22.7,4.2,2022-07
2022-07-10,0.3,20.9,4.3,2022-07
2022-07-11,0.5,21.0,3.6,2022-07
2022-07-12,0.4,28.3,5.5,2022-07
2022-07-13,0.4,20.9,5.0,2022-07
2022-07-14,0.5,28.3,7.0,2022-07
2022-07-15,0.4,20.3,5.4,2022-07
2022-07-16,0.3,16.2,2.3,2022-07
2022-07-17,0.3,18.9,3.0,2022-07
2022-07-18,0.4,19.5,6.6,2022-07
2022-07-19,0.4,21.7,4.8,2022-07
2022-07-20,0.5,28.2,7.2,2022-07
2022-07-21,0.5,30.5,8.3,2022-07
2022-07-22,0.4,23.3,4.7,2022-07
2022-07-23,0.5,36.0,6.7,2022-07
2022-07-24,0.5,29.2,8.0,2022-07
2022-07-25,0.5,49.1,10.5,2022-07
2022-07-26,0.6,54.0,12.7,2022-07
2022-07-27,0.5,44.5,13.0,2022-07
2022-07-28,0.5,35.7,10.4,2022-07
2022-07-29,0.6,47.2,13.5,2022-07
2022-07-30,0.6,50.1,14.7,2022-07
2022-07-31,0.7,38.7,12.2,2022-07
2022-08-01,0.4,23.0,5.0,2022-08
2022-08-02,0.5,32.0,6.4,2022-08
2022-08-03,0.4,25.7,5.2,2022-08
2022-08-04,0.3,19.1,,2022-08
2022-08-05,0.3,15.9,,2022-08
2022-08-06,0.4,25.1,,2022-08
2022-08-07,0.5,37.0,,2022-08
2022-08-08,0.6,39.0,,2022-08
2022-08-09,0.5,42.5,,2022-08
2022-08-10,0.4,28.1,,2022-08
2022-08-11,0.4,30.9,,2022-08
2022-08-12,0.5,35.1,8.4,2022-08
2022-08-13,0.4,17.0,4.4,2022-08
2022-08-14,0.4,27.6,5.6,2022-08
2022-08-15,0.6,37.1,8.8,2022-08
2022-08-16,0.4,30.8,7.7,2022-08
2022-08-17,0.5,38.8,6.7,2022-08
2022-08-18,1.0,71.4,17.4,2022-08
2022-08-19,0.9,57.0,9.7,2022-08
2022-08-20,0.4,28.4,4.8,2022-08
2022-08-21,0.5,33.7,5.6,2022-08
2022-08-22,0.5,29.1,7.5,2022-08
2022-08-23,0.5,33.7,7.8,2022-08
2022-08-24,0.6,55.8,11.5,2022-08
2022-08-25,0.6,47.4,15.1,2022-08
2022-08-26,0.4,15.6,5.8,2022-08
2022-08-27,0.5,32.0,7.7,2022-08
2022-08-28,0.5,23.9,8.6,2022-08
2022-08-29,0.5,23.1,6.3,2022-08
2022-08-30,0.6,41.9,11.4,2022-08
2022-08-31,0.6,42.5,12.8,2022-08
2022-09-01,0.5,39.2,9.2,2022-09
2022-09-02,0.6,45.0,10.2,2022-09
2022-09-03,0.4,21.4,4.1,2022-09
2022-09-04,0.3,9.4,4.5,2022-09
2022-09-05,0.4,17.7,4.5,2022-09
2022-09-06,0.5,32.2,7.4,2022-09
2022-09-07,0.4,22.0,6.0,2022-09
2022-09-08,0.4,25.4,6.7,2022-09
2022-09-09,0.3,14.7,13.0,2022-09
2022-09-10,1.3,51.4,44.5,2022-09
2022-09-11,1.1,37.5,29.7,2022-09
2022-09-12,0.6,35.9,22.2,2022-09
2022-09-13,0.5,37.3,15.6,2022-09
2022-09-14,0.6,39.1,15.0,2022-09
2022-09-15,0.5,30.7,13.6,2022-09
2022-09-16,0.4,28.6,6.1,2022-09
2022-09-17,0.3,12.8,5.6,2022-09
2022-09-18,0.4,27.3,5.2,2022-09
2022-09-19,0.6,,10.6,2022-09
2022-09-20,0.3,,8.5,2022-09
2022-09-21,0.8,54.9,24.3,2022-09
2022-09-22,0.5,20.3,9.0,2022-09
2022-09-23,0.4,,8.9,2022-09
2022-09-24,,,7.1,2022-09
2022-09-25,,,9.6,2022-09
2022-09-26,0.8,,19.7,2022-09
2022-09-27,0.7,40.3,20.7,2022-09
2022-09-28,0.4,32.0,8.9,2022-09
2022-09-29,0.5,37.3,7.4,2022-09
2022-09-30,0.4,25.4,7.7,2022-09
2022-10-01,0.6,34.2,13.0,2022-10
2022-10-02,0.7,52.8,20.0,2022-10
2022-10-03,0.7,49.6,23.7,2022-10
2022-10-04,0.7,33.8,14.6,2022-10
2022-10-05,0.5,33.8,16.3,2022-10
2022-10-06,0.8,39.9,23.5,2022-10
2022-10-07,0.7,50.2,28.3,2022-10
2022-10-08,,39.9,27.7,2022-10
2022-10-09,,45.7,28.2,2022-10
2022-10-10,,33.1,23.7,2022-10
2022-10-11,0.5,31.4,,2022-10
2022-10-12,0.5,31.3,,2022-10
2022-10-13,0.8,53.8,30.7,2022-10
2022-10-14,0.8,39.8,25.6,2022-10
2022-10-15,,41.1,47.0,2022-10
2022-10-16,,69.5,29.7,2022-10
2022-10-17,,46.7,19.5,2022-10
2022-10-18,,42.1,31.6,2022-10
2022-10-19,,,101.6,2022-10
2022-10-20,,51.7,108.0,2022-10
2022-10-21,,30.7,7.5,2022-10
2022-10-22,,23.7,6.2,2022-10
2022-10-23,,,7.6,2022-10
2022-10-24,0.4,26.2,5.2,2022-10
2022-10-25,0.4,26.3,4.4,2022-10
2022-10-26,0.2,23.5,6.3,2022-10
2022-10-27,,21.4,7.2,2022-10
2022-10-28,,34.3,8.0,2022-10
2022-10-29,,22.7,11.2,2022-10
2022-10-30,,15.8,6.7,2022-10
2022-10-31,,25.0,4.8,2022-10
2022-11-01,,22.6,,2022-11
2022-11-02,0.4,28.9,,2022-11
2022-11-03,0.4,20.1,,2022-11
2022-11-04,0.3,16.0,,2022-11
2022-11-05,0.3,23.1,,2022-11
2022-11-06,0.4,20.2,,2022-11
2022-11-07,0.3,27.2,,2022-11
2022-11-08,0.3,13.8,,2022-11
2022-11-09,0.6,26.0,,2022-11
2022-11-10,0.6,26.7,,2022-11
2022-11-11,0.6,27.9,,2022-11
2022-11-12,0.5,24.8,,2022-11
2022-11-13,0.6,18.8,,2022-11
2022-11-14,0.3,20.9,,2022-11
2022-11-15,0.5,24.6,,2022-11
2022-11-16,0.5,26.7,,2022-11
2022-11-17,0.4,33.3,,2022-11
2022-11-18,0.5,30.0,,2022-11
2022-11-19,0.6,31.8,,2022-11
2022-11-20,0.9,34.0,,2022-11
2022-11-21,0.9,34.6,,2022-11
2022-11-22,0.8,32.2,,2022-11
2022-11-23,0.7,29.2,,2022-11
2022-11-24,0.7,26.6,,2022-11
2022-11-25,0.6,36.6,,2022-11
2022-11-26,0.7,27.6,,2022-11
2022-11-27,0.4,20.6,,2022-11
2022-11-28,0.4,21.4,,2022-11
2022-11-29,0.3,17.2,,2022-11
2022-11-30,0.4,33.4,,2022-11
2022-12-01,0.4,27.1,,2022-12
2022-12-02,0.4,24.6,,2022-12
2022-12-03,0.4,32.6,,2022-12
2022-12-04,0.4,28.8,,2022-12
2022-12-05,0.4,26.9,,2022-12
2022-12-06,0.5,28.1,,2022-12
2022-12-07,0.4,26.1,,2022-12
2022-12-08,0.3,26.0,,2022-12
2022-12-09,0.3,23.7,,2022-12
2022-12-10,0.4,18.1,,2022-12
2022-12-11,0.3,14.9,,2022-12
2022-12-12,0.4,29.0,,2022-12
2022-12-13,0.4,19.2,,2022-12
2022-12-14,0.4,18.0,,2022-12
2022-12-15,0.3,19.6,,2022-12
2022-12-16,0.5,21.6,,2022-12
2022-12-17,0.5,21.3,,2022-12
2022-12-18,0.4,19.5,,2022-12
2022-12-19,0.4,20.8,,2022-12
2022-12-20,0.4,28.2,,2022-12
2022-12-21,0.2,13.7,,2022-12
2022-12-22,0.4,38.8,,2022-12
2022-12-23,0.4,28.2,6.8,2022-12
2022-12-24,0.4,30.6,4.7,2022-12
2022-12-25,0.3,25.1,6.0,2022-12
2022-12-26,,,5.4,2022-12
2022-12-27,,21.1,5.0,2022-12
2022-12-28,0.4,25.7,6.9,2022-12
2022-12-29,0.6,34.5,6.1,2022-12
2022-12-30,0.3,23.2,7.7,2022-12
2022-12-31,0.4,26.7,7.9,2022-12
2023-01-01,0.7,31.5,13.2,2023-01
2023-01-02,0.7,28.8,9.0,2023-01
2023-01-03,0.7,35.5,7.1,2023-01
2023-01-04,0.5,34.7,4.7,2023-01
2023-01-05,0.3,24.3,4.2,2023-01
2023-01-06,0.4,32.9,6.1,2023-01
2023-01-07,0.6,28.1,9.0,2023-01
2023-01-08,0.8,29.2,9.7,2023-01
2023-01-09,0.4,31.7,2.8,2023-01
2023-01-10,0.5,32.0,5.2,2023-01
2023-01-11,0.5,32.1,3.4,2023-01
2023-01-12,0.4,24.6,5.3,2023-01
2023-01-13,0.5,30.5,7.6,2023-01
2023-01-14,0.3,17.4,3.8,2023-01
2023-01-15,0.4,24.0,5.2,2023-01
2023-01-16,0.5,29.9,6.1,2023-01
2023-01-17,0.5,26.4,6.8,2023-01
2023-01-18,0.4,33.4,7.5,2023-01
2023-01-19,0.6,35.4,8.4,2023-01
2023-01-20,0.6,27.5,11.4,2023-01
2023-01-21,0.6,20.9,9.8,2023-01
2023-01-22,0.5,25.4,9.0,2023-01
2023-01-23,0.7,37.5,13.0,2023-01
2023-01-24,0.7,27.7,10.3,2023-01
2023-01-25,0.4,22.6,8.1,2023-01
2023-01-26,0.4,21.8,10.5,2023-01
2023-01-27,0.3,17.9,4.5,2023-01
2023-01-28,0.3,21.7,7.6,2023-01
2023-01-29,0.4,24.9,6.3,2023-01
2023-01-30,0.6,32.8,10.7,2023-01
2023-01-31,0.6,39.3,13.2,2023-01
2023-02-01,0.7,35.1,12.5,2023-02
2023-02-02,0.8,40.8,11.9,2023-02
2023-02-03,0.6,35.9,10.8,2023-02
2023-02-04,0.3,22.2,4.2,2023-02
2023-02-05,0.5,26.5,7.0,2023-02
2023-02-06,0.3,19.7,6.3,2023-02
2023-02-07,0.3,31.7,5.4,2023-02
2023-02-08,0.5,34.2,7.2,2023-02
2023-02-09,0.7,41.5,9.2,2023-02
2023-02-10,0.5,25.7,7.4,2023-02
2023-02-11,0.3,23.5,8.1,2023-02
2023-02-12,0.5,20.6,11.2,2023-02
2023-02-13,0.4,30.8,6.9,2023-02
2023-02-14,0.4,29.1,6.5,2023-02
2023-02-15,0.6,31.3,10.9,2023-02
2023-02-16,0.5,27.6,7.7,2023-02
2023-02-17,0.6,33.2,11.0,2023-02
2023-02-18,0.4,24.5,5.3,2023-02
2023-02-19,0.4,18.6,8.4,2023-02
2023-02-20,,23.7,5.5,2023-02
2023-02-21,,26.9,5.5,2023-02
2023-02-22,0.2,,5.2,2023-02
2023-02-23,0.2,8.1,4.9,2023-02
2023-02-24,0.4,20.0,5.4,2023-02
2023-02-25,0.4,35.4,9.6,2023-02
2023-02-26,0.4,30.4,6.0,2023-02
2023-02-27,0.4,33.0,5.3,2023-02
2023-02-28,0.4,31.7,8.2,2023-02
2023-03-01,0.5,24.0,10.1,2023-03
2023-03-02,0.3,27.2,5.2,2023-03
2023-03-03,0.3,25.5,5.5,2023-03
2023-03-04,0.4,27.9,5.0,2023-03
2023-03-05,0.5,33.8,7.1,2023-03
2023-03-06,0.7,33.8,7.1,2023-03
2023-03-07,0.4,78.5,5.2,2023-03
2023-03-08,0.5,35.0,9.4,2023-03
2023-03-09,0.5,32.4,4.7,2023-03
2023-03-10,0.4,41.0,5.7,2023-03
2023-03-11,0.5,30.3,6.0,2023-03
2023-03-12,0.6,34.6,15.8,2023-03
2023-03-13,0.3,29.5,4.6,2023-03
2023-03-14,0.5,35.9,4.8,2023-03
2023-03-15,0.4,25.7,5.6,2023-03
2023-03-16,0.4,38.5,6.1,2023-03
2023-03-17,0.8,45.6,12.8,2023-03
2023-03-18,0.7,51.4,15.4,2023-03
2023-03-19,0.8,43.2,13.1,2023-03
2023-03-20,0.4,26.3,7.4,2023-03
2023-03-21,0.4,38.4,5.2,2023-03
2023-03-22,0.5,39.7,10.2,2023-03
2023-03-23,0.4,22.4,4.0,2023-03
2023-03-24,0.4,29.4,5.2,2023-03
2023-03-25,0.4,17.2,5.4,2023-03
2023-03-26,0.4,12.0,5.4,2023-03
2023-03-27,0.3,19.4,3.0,2023-03
2023-03-28,0.2,16.0,4.1,2023-03
2023-03-29,0.5,44.4,7.4,2023-03
2023-03-30,0.5,27.7,8.5,2023-03
2023-03-31,0.3,22.9,5.3,2023-03
2023-04-01,0.3,16.2,4.2,2023-04
2023-04-02,0.3,16.1,2.9,2023-04
2023-04-03,0.5,37.7,6.0,2023-04
2023-04-04,0.5,43.3,6.5,2023-04
2023-04-05,0.5,25.9,5.3,2023-04
2023-04-06,0.3,34.4,4.6,2023-04
2023-04-07,0.3,15.5,3.2,2023-04
2023-04-08,0.3,12.5,4.5,2023-04
2023-04-09,0.3,12.4,4.6,2023-04
2023-04-10,0.5,40.1,6.1,2023-04
2023-04-11,0.3,20.4,5.0,2023-04
2023-04-12,0.3,18.7,4.5,2023-04
2023-04-13,0.4,23.3,5.3,2023-04
2023-04-14,0.5,29.7,7.1,2023-04
2023-04-15,0.4,20.7,7.7,2023-04
2023-04-16,0.3,24.2,7.3,2023-04
2023-04-17,0.3,25.9,3.8,2023-04
2023-04-18,0.3,19.2,4.2,2023-04
2023-04-19,0.3,20.4,5.6,2023-04
2023-04-20,0.3,24.0,6.5,2023-04
2023-04-21,0.4,28.3,8.3,2023-04
2023-04-22,0.4,25.2,8.0,2023-04
2023-04-23,0.3,16.0,7.5,2023-04
2023-04-24,0.4,26.8,5.5,2023-04
2023-04-25,0.4,24.5,5.3,2023-04
2023-04-26,0.5,29.8,6.7,2023-04
2023-04-27,0.4,16.2,6.8,2023-04
2023-04-28,0.6,46.1,8.7,2023-04
2023-04-29,0.5,,10.5,2023-04
2023-04-30,0.3,20.7,5.8,2023-04
2023-05-01,0.5,36.2,7.7,2023-05
2023-05-02,0.3,27.1,7.2,2023-05
2023-05-03,0.4,37.8,10.1,2023-05
2023-05-04,0.4,26.1,4.6,2023-05
2023-05-05,0.3,22.2,5.4,2023-05
2023-05-06,0.4,26.9,7.5,2023-05
2023-05-07,0.5,20.1,5.2,2023-05
2023-05-08,0.2,21.0,4.8,2023-05
2023-05-09,0.3,24.3,6.7,2023-05
2023-05-10,0.3,22.7,6.6,2023-05
2023-05-11,0.3,31.9,6.0,2023-05
2023-05-12,0.2,,7.5,2023-05
2023-05-13,,,9.6,2023-05
2023-05-14,,,9.9,2023-05
2023-05-15,,,11.6,2023-05
2023-05-16,,,9.7,2023-05
2023-05-17,,,11.0,2023-05
2023-05-18,,,11.1,2023-05
2023-05-19,,,7.8,2023-05
2023-05-20,,21.8,7.1,2023-05
2023-05-21,,,4.7,2023-05
2023-05-22,,,8.9,2023-05
2023-05-23,,30.4,8.5,2023-05
2023-05-24,0.3,20.5,8.6,2023-05
2023-05-25,0.4,29.9,9.6,2023-05
2023-05-26,0.5,35.7,11.6,2023-05
2023-05-27,0.4,16.3,9.2,2023-05
2023-05-28,0.5,28.7,11.5,2023-05
2023-05-29,0.5,38.5,12.1,2023-05
2023-05-30,0.4,24.4,8.1,2023-05
2023-05-31,0.4,23.7,7.2,2023-05
2023-06-01,0.4,23.2,5.8,2023-06
2023-06-02,0.4,27.8,7.0,2023-06
2023-06-03,0.3,27.5,6.2,2023-06
2023-06-04,0.3,9.3,4.4,2023-06
2023-06-05,0.3,16.6,4.0,2023-06
2023-06-06,0.4,20.8,7.4,2023-06
2023-06-07,0.5,42.7,10.7,2023-06
2023-06-08,0.3,25.8,11.2,2023-06
2023-06-09,0.4,20.4,7.3,2023-06
2023-06-10,0.4,23.8,7.5,2023-06
2023-06-11,0.4,23.4,7.6,2023-06
2023-06-12,0.4,43.5,11.4,2023-06
2023-06-13,0.4,33.9,9.6,2023-06
2023-06-14,0.4,21.4,9.2,2023-06
2023-06-15,0.4,21.5,10.3,2023-06
2023-06-16,0.4,29.7,9.4,2023-06
2023-06-17,0.3,17.1,5.6,2023-06
2023-06-18,0.3,16.4,3.7,2023-06
2023-06-19,0.4,23.9,6.7,2023-06
2023-06-20,0.3,,,2023-06
2023-06-21,0.5,24.4,,2023-06
2023-06-22,0.3,12.7,,2023-06
2023-06-23,0.4,32.0,,2023-06
2023-06-24,0.4,25.3,,2023-06
2023-06-25,0.4,32.2,,2023-06
2023-06-26,0.4,26.7,,2023-06
2023-06-27,0.4,22.2,6.4,2023-06
2023-06-28,0.4,27.4,5.7,2023-06
2023-06-29,0.4,22.2,5.7,2023-06
2023-06-30,0.4,17.5,4.1,2023-06
2023-07-01,0.4,25.9,5.9,2023-07
2023-07-02,0.3,13.4,5.3,2023-07
2023-07-03,0.5,29.4,7.8,2023-07
2023-07-04,0.5,22.5,15.2,2023-07
2023-07-05,0.6,53.0,30.6,2023-07
2023-07-06,0.5,45.2,16.5,2023-07
2023-07-07,0.3,13.6,7.5,2023-07
2023-07-08,0.5,35.7,4.7,2023-07
2023-07-09,0.5,28.7,7.6,2023-07
2023-07-10,0.3,15.8,4.0,2023-07
2023-07-11,0.4,32.0,5.1,2023-07
2023-07-12,0.4,26.7,7.0,2023-07
2023-07-13,0.4,27.9,6.0,2023-07
2023-07-14,0.5,27.0,7.3,2023-07
2023-07-15,0.4,27.3,7.2,2023-07
2023-07-16,0.3,35.7,5.3,2023-07
2023-07-17,0.3,13.3,4.6,2023-07
2023-07-18,0.4,19.4,4.2,2023-07
2023-07-19,0.2,29.1,7.0,2023-07
2023-07-21,,,6.7,2023-07
2023-07-22,,18.1,5.2,2023-07
2023-07-23,,33.5,6.1,2023-07
2023-07-24,,,6.3,2023-07
2023-07-25,,,5.3,2023-07
2023-07-26,,,3.9,2023-07
2023-07-27,,28.3,6.7,2023-07
2023-07-28,,37.9,9.0,2023-07
2023-07-29,,,6.8,2023-07
2023-07-30,,20.6,6.3,2023-07
2023-07-31,,21.9,5.5,2023-07
2023-08-01,,,4.4,2023-08
2023-08-02,0.2,34.8,5.1,2023-08
2023-08-03,0.3,22.1,5.5,2023-08
2023-08-04,0.4,27.3,4.7,2023-08
2023-08-05,0.7,30.6,9.9,2023-08
2023-08-06,0.6,25.3,7.8,2023-08
2023-08-07,0.4,32.0,8.6,2023-08
2023-08-08,,26.2,4.2,2023-08
2023-08-09,0.4,25.7,5.0,2023-08
2023-08-10,0.4,21.5,4.6,2023-08
2023-08-11,0.4,24.6,3.7,2023-08
2023-08-12,0.3,23.0,1.9,2023-08
2023-08-13,0.2,27.6,6.8,2023-08
2023-08-14,,34.0,8.1,2023-08
2023-08-15,,43.9,9.7,2023-08
2023-08-16,,37.7,10.6,2023-08
2023-08-17,,35.2,9.8,2023-08
2023-08-18,,,10.1,2023-08
2023-08-19,,23.9,11.0,2023-08
2023-08-20,0.9,50.0,46.0,2023-08
2023-08-21,0.7,36.4,21.6,2023-08
2023-08-22,0.3,17.2,4.4,2023-08
2023-08-23,0.4,21.1,6.2,2023-08
2023-08-24,0.5,22.0,9.4,2023-08
2023-08-25,0.7,44.9,21.2,2023-08
2023-08-26,0.8,62.2,35.6,2023-08
2023-08-27,0.8,58.7,27.5,2023-08
2023-08-28,0.5,23.6,15.7,2023-08
2023-08-29,0.4,26.4,8.6,2023-08
2023-08-30,0.5,26.3,6.1,2023-08
2023-08-31,0.4,24.0,7.9,2023-08
2023-09-01,0.3,12.8,7.5,2023-09
2023-09-02,0.7,54.2,15.4,2023-09
2023-09-03,0.6,10.0,8.3,2023-09
2023-09-04,0.4,15.7,5.3,2023-09
2023-09-05,0.5,45.8,9.7,2023-09
2023-09-06,0.5,30.8,6.7,2023-09
2023-09-07,0.5,39.6,7.3,2023-09
2023-09-08,0.5,28.6,5.9,2023-09
2023-09-09,0.5,47.2,7.4,2023-09
2023-09-10,0.5,38.8,7.2,2023-09
2023-09-11,0.4,33.9,4.5,2023-09
2023-09-12,0.3,25.3,5.0,2023-09
2023-09-13,0.4,24.1,5.4,2023-09
2023-09-14,0.5,39.1,6.1,2023-09
2023-09-15,0.6,50.4,11.2,2023-09
2023-09-16,0.5,36.8,8.6,2023-09
2023-09-17,0.4,15.9,5.8,2023-09
2023-09-18,0.3,15.0,4.3,2023-09
2023-09-19,0.4,20.1,5.7,2023-09
2023-09-20,0.4,23.4,3.2,2023-09
2023-09-21,0.5,30.5,8.1,2023-09
2023-09-22,0.6,46.6,13.0,2023-09
2023-09-23,0.6,18.2,7.6,2023-09
2023-09-24,0.5,29.7,7.7,2023-09
2023-09-25,0.5,33.0,7.2,2023-09
2023-09-26,0.4,26.7,3.9,2023-09
2023-09-27,0.4,22.4,4.3,2023-09
2023-09-28,0.4,22.6,5.0,2023-09
2023-09-29,0.4,16.0,7.5,2023-09
2023-09-30,0.5,22.9,9.3,2023-09
2023-10-01,0.6,23.2,10.4,2023-10
2023-10-02,0.5,19.9,6.8,2023-10
2023-10-03,0.5,26.0,5.7,2023-10
2023-10-04,0.5,23.8,7.1,2023-10
2023-10-05,0.3,17.3,5.8,2023-10
2023-10-06,0.6,22.7,6.5,2023-10
2023-10-07,0.8,37.7,14.0,2023-10
2023-10-08,0.8,25.5,10.1,2023-10
2023-10-09,0.6,25.3,7.2,2023-10
2023-10-10,0.3,21.6,3.9,2023-10
2023-10-11,0.3,20.8,3.0,2023-10
2023-10-12,0.5,37.9,6.8,2023-10
2023-10-13,0.8,31.7,9.2,2023-10
2023-10-14,0.5,29.3,6.8,2023-10
2023-10-15,0.5,25.0,6.1,2023-10
2023-10-16,0.6,21.0,8.1,2023-10
2023-10-17,0.5,28.0,5.9,2023-10
2023-10-18,0.5,22.0,5.5,2023-10
2023-10-19,0.4,25.8,6.7,2023-10
2023-10-20,0.4,13.6,6.2,2023-10
2023-10-21,0.4,15.7,6.2,2023-10
2023-10-22,0.4,16.3,8.5,2023-10
2023-10-23,0.5,28.9,10.4,2023-10
2023-10-24,0.3,30.9,6.4,2023-10
2023-10-25,0.3,16.0,3.4,2023-10
2023-10-26,0.6,22.4,9.0,2023-10
2023-10-27,0.3,16.2,5.8,2023-10
2023-10-28,0.4,19.9,10.0,2023-10
2023-10-29,0.4,21.2,9.2,2023-10
2023-10-30,0.5,25.0,8.7,2023-10
2023-10-31,0.9,28.2,19.1,2023-10
2023-11-01,0.9,29.9,17.7,2023-11
2023-11-02,0.5,23.0,4.0,2023-11
2023-11-03,0.5,32.1,9.1,2023-11
2023-11-04,0.4,15.2,4.8,2023-11
2023-11-05,0.3,27.9,5.1,2023-11
2023-11-06,0.5,32.8,6.8,2023-11
2023-11-07,0.4,29.3,4.6,2023-11
2023-11-08,0.6,35.6,9.4,2023-11
2023-11-09,0.6,28.2,10.7,2023-11
2023-11-10,0.4,23.6,7.1,2023-11
2023-11-11,0.3,18.3,4.2,2023-11
2023-11-12,0.5,25.8,5.9,2023-11
2023-11-13,0.3,35.4,2.6,2023-11
2023-11-14,0.4,23.6,5.0,2023-11
2023-11-15,0.4,20.3,9.4,2023-11
2023-11-16,0.4,21.1,7.8,2023-11
2023-11-17,0.9,30.0,10.7,2023-11
2023-11-18,0.9,25.5,17.8,2023-11
2023-11-19,0.5,17.7,3.7,2023-11
2023-11-20,0.8,27.5,4.8,2023-11
2023-11-21,1.0,28.8,12.2,2023-11
2023-11-22,0.3,20.3,5.3,2023-11
2023-11-23,0.3,15.2,6.7,2023-11
2023-11-24,0.5,23.6,8.4,2023-11
2023-11-25,0.5,20.2,11.7,2023-11
2023-11-26,0.5,23.0,13.6,2023-11
2023-11-27,0.5,32.0,18.3,2023-11
2023-11-28,,33.2,27.9,2023-11
2023-11-29,,,18.6,2023-11
2023-11-30,0.3,28.2,14.8,2023-11
2023-12-01,0.4,26.7,5.5,2023-12
2023-12-02,0.4,19.7,6.0,2023-12
2023-12-03,0.4,22.4,6.7,2023-12
2023-12-04,0.5,30.6,7.5,2023-12
2023-12-05,0.4,38.6,5.2,2023-12
2023-12-06,0.5,38.6,6.9,2023-12
2023-12-07,0.4,31.5,4.2,2023-12
2023-12-08,0.5,35.1,6.3,2023-12
2023-12-09,0.5,30.7,6.0,2023-12
2023-12-10,0.4,25.7,4.0,2023-12
2023-12-11,0.4,29.2,3.1,2023-12
2023-12-12,1.0,23.6,9.3,2023-12
2023-12-13,1.0,30.6,10.9,2023-12
2023-12-14,0.5,22.0,5.5,2023-12
2023-12-15,0.3,24.0,11.2,2023-12
2023-12-16,,22.8,12.2,2023-12
2023-12-17,,,12.5,2023-12
2023-12-18,0.7,17.7,15.8,2023-12
2023-12-19,0.7,22.6,7.3,2023-12
2023-12-20,0.6,27.8,8.2,2023-12
2023-12-21,0.8,19.2,13.2,2023-12
2023-12-22,0.7,22.1,5.7,2023-12
2023-12-23,0.5,25.6,9.8,2023-12
2023-12-24,0.6,27.2,8.7,2023-12
2023-12-25,0.3,10.1,0.6,2023-12
2023-12-26,,26.2,2.8,2023-12
2023-12-27,,28.0,3.3,2023-12
2023-12-28,,30.7,2.5,2023-12
2023-12-29,,,8.5,2023-12
2023-12-30,,26.4,6.3,2023-12
2023-12-31,,,9.6,2023-12
2024-01-01,,22.7,20.0,2024-01
2024-01-02,,30.5,14.8,2024-01
2024-01-03,,,4.9,2024-01
2024-01-04,,27.7,3.6,2024-01
2024-01-05,0.3,31.7,4.6,2024-01
2024-01-06,0.4,32.5,1.5,2024-01
2024-01-07,0.6,30.9,7.2,2024-01
2024-01-08,0.3,18.1,1.7,2024-01
2024-01-09,0.3,18.0,3.3,2024-01
2024-01-10,0.4,27.3,4.8,2024-01
2024-01-11,0.5,33.9,4.6,2024-01
2024-01-12,0.3,11.0,2.2,2024-01
2024-01-13,0.4,33.4,4.4,2024-01
2024-01-14,0.3,24.3,6.2,2024-01
2024-01-15,0.6,35.2,6.3,2024-01
2024-01-16,0.6,40.4,7.2,2024-01
2024-01-17,0.4,30.7,3.8,2024-01
2024-01-18,,38.9,6.8,2024-01
2024-01-19,,,6.2,2024-01
2024-01-20,,29.0,9.2,2024-01
2024-01-21,,,4.0,2024-01
2024-01-22,,,3.5,2024-01
2024-01-23,,27.5,3.5,2024-01
2024-01-24,,,4.8,2024-01
2024-01-25,,24.2,1.8,2024-01
2024-01-26,,,4.9,2024-01
2024-01-27,,17.3,1.2,2024-01
2024-01-28,,,0.8,2024-01
2024-01-29,,,6.9,2024-01
2024-01-30,,28.9,8.1,2024-01
2024-01-31,,,6.0,2024-01
2024-02-01,,21.7,3.5,2024-02
2024-02-02,,31.5,6.2,2024-02
2024-02-03,,23.7,8.4,2024-02
2024-02-04,,11.8,3.9,2024-02
2024-02-05,,17.9,2.7,2024-02
2024-02-06,,27.6,4.8,2024-02
2024-02-07,,20.0,5.2,2024-02
2024-02-08,,27.2,8.4,2024-02
2024-02-09,,29.5,3.6,2024-02
2024-02-10,,33.7,5.5,2024-02
2024-02-11,,17.5,4.0,2024-02
2024-02-12,,26.4,2.5,2024-02
2024-02-13,,19.0,3.1,2024-02
2024-02-14,,16.1,1.7,2024-02
2024-02-15,,25.8,3.4,2024-02
2024-02-16,,39.3,5.0,2024-02
2024-02-17,,34.4,5.9,2024-02
2024-02-18,,27.9,3.7,2024-02
2024-02-19,,29.1,7.2,2024-02
2024-02-20,,26.9,5.4,2024-02
2024-02-21,,17.7,1.7,2024-02
2024-02-22,,40.0,5.3,2024-02
2024-02-23,,26.5,8.1,2024-02
2024-02-24,,25.3,4.4,2024-02
2024-02-25,,11.3,1.0,2024-02
2024-02-26,,29.9,2.8,2024-02
2024-02-27,,,3.7,2024-02
2024-02-28,,,1.2,2024-02
2024-02-29,,20.2,2.1,2024-02
2024-03-01,,25.4,1.9,2024-03
2024-03-02,,23.3,1.6,2024-03
2024-03-03,,12.3,1.5,2024-03
2024-03-04,,25.9,3.7,2024-03
2024-03-05,,22.0,3.8,2024-03
2024-03-06,,28.7,6.3,2024-03
2024-03-07,,37.5,8.2,2024-03
2024-03-08,,42.0,7.7,2024-03
2024-03-09,,38.3,6.2,2024-03
2024-03-10,,15.7,0.7,2024-03
2024-03-11,,16.5,1.0,2024-03
2024-03-12,,27.4,3.9,2024-03
2024-03-13,,27.9,5.9,2024-03
2024-03-14,,20.4,4.6,2024-03
2024-03-15,,22.1,4.7,2024-03
2024-03-16,,44.3,8.5,2024-03
2024-03-17,,28.7,10.2,2024-03
2024-03-18,,33.2,7.5,2024-03
2024-03-20,,,6.6,2024-03
2024-03-21,,27.6,4.2,2024-03
2024-03-22,,25.9,4.7,2024-03
2024-03-23,,24.3,5.2,2024-03
2024-03-24,,17.6,3.5,2024-03
2024-03-25,0.2,,5.0,2024-03
2024-03-26,0.3,24.9,3.3,2024-03
2024-03-27,0.2,20.2,2.7,2024-03
2024-03-28,0.3,25.3,3.7,2024-03
2024-03-29,0.3,25.8,5.1,2024-03
2024-03-30,0.2,16.1,4.2,2024-03
2024-03-31,0.3,38.7,6.8,2024-03
2024-04-01,0.4,37.5,8.0,2024-04
2024-04-02,0.4,20.5,4.9,2024-04
2024-04-03,0.3,29.3,2.9,2024-04
2024-04-04,0.2,25.3,4.1,2024-04
2024-04-05,0.3,27.9,7.4,2024-04
2024-04-06,0.2,17.0,4.2,2024-04
2024-04-07,0.2,19.0,4.8,2024-04
2024-04-08,0.2,21.6,4.2,2024-04
2024-04-09,0.3,30.7,4.2,2024-04
2024-04-10,0.3,23.7,5.5,2024-04
2024-04-11,0.3,25.1,7.0,2024-04
2024-04-12,0.2,21.0,4.5,2024-04
2024-04-13,0.4,29.9,6.5,2024-04
2024-04-14,0.4,20.9,8.0,2024-04
2024-04-15,0.2,17.1,4.9,2024-04
2024-04-16,0.3,23.7,4.7,2024-04
2024-04-17,0.3,23.0,4.7,2024-04
2024-04-18,0.2,16.9,4.4,2024-04
2024-04-19,0.2,20.7,5.1,2024-04
2024-04-20,0.4,35.8,5.5,2024-04
2024-04-21,0.2,12.4,4.7,2024-04
2024-04-22,0.3,15.1,4.8,2024-04
2024-04-23,0.3,27.6,6.1,2024-04
2024-04-24,0.2,20.0,6.1,2024-04
2024-04-25,0.2,23.8,4.5,2024-04
2024-04-26,0.3,19.5,3.0,2024-04
2024-04-27,0.2,16.4,3.4,2024-04
2024-04-28,0.2,15.4,4.3,2024-04
2024-04-29,0.3,30.3,4.8,2024-04
2024-04-30,0.2,22.5,3.5,2024-04
2024-05-01,0.3,27.7,4.8,2024-05
2024-05-02,0.3,38.2,5.4,2024-05
2024-05-03,0.3,26.3,5.9,2024-05
2024-05-04,0.3,32.1,6.3,2024-05
2024-05-05,0.2,9.6,3.2,2024-05
2024-05-06,0.2,18.5,3.0,2024-05
2024-05-07,0.3,20.9,4.0,2024-05
2024-05-08,0.3,22.3,3.6,2024-05
2024-05-09,0.2,17.5,5.6,2024-05
2024-05-10,0.4,47.9,10.4,2024-05
2024-05-11,0.5,44.8,12.7,2024-05
2024-05-12,0.2,27.7,8.0,2024-05
2024-05-13,0.3,19.5,5.5,2024-05
2024-05-14,0.2,22.5,3.4,2024-05
2024-05-15,0.3,31.2,6.6,2024-05
2024-05-16,0.2,15.9,3.5,2024-05
2024-05-17,0.3,17.9,6.2,2024-05
2024-05-18,0.2,29.9,6.5,2024-05
2024-05-19,0.3,28.6,5.2,2024-05
2024-05-20,0.3,25.3,8.0,2024-05
2024-05-21,0.2,16.1,3.9,2024-05
2024-05-22,0.3,32.4,7.0,2024-05
2024-05-23,0.2,16.7,7.5,2024-05
2024-05-24,0.3,24.7,5.6,2024-05
2024-05-25,0.2,15.8,4.5,2024-05
2024-05-26,0.2,12.7,3.8,2024-05
2024-05-27,0.3,13.5,4.1,2024-05
2024-05-28,0.2,23.3,5.5,2024-05
2024-05-29,0.2,21.3,4.1,2024-05
2024-05-30,0.2,22.9,4.3,2024-05
2024-05-31,0.3,21.5,4.5,2024-05
2024-06-01,0.2,23.2,4.7,2024-06
2024-06-02,0.2,11.4,3.0,2024-06
2024-06-03,0.2,11.1,5.3,2024-06
2024-06-04,0.2,21.1,6.0,2024-06
2024-06-05,0.3,19.4,7.4,2024-06
2024-06-06,0.2,15.3,6.4,2024-06
2024-06-07,0.3,22.4,6.1,2024-06
2024-06-08,0.4,41.1,,2024-06
2024-06-09,0.3,30.4,,2024-06
2024-06-10,0.3,44.7,,2024-06
2024-06-11,0.3,38.3,4.8,2024-06
2024-06-12,0.2,26.9,,2024-06
2024-06-13,0.2,21.5,,2024-06
2024-06-14,0.2,19.2,,2024-06
2024-06-15,0.2,16.8,,2024-06
2024-06-16,0.2,16.8,,2024-06
2024-06-17,0.3,21.3,,2024-06
2024-06-18,0.3,19.4,,2024-06
2024-06-19,0.2,15.8,5.3,2024-06
2024-06-20,0.2,27.3,7.1,2024-06
2024-06-21,0.3,34.3,8.2,2024-06
2024-06-22,0.3,21.6,5.7,2024-06
2024-06-23,0.2,18.9,2.1,2024-06
2024-06-24,0.3,19.4,4.2,2024-06
2024-06-25,0.3,20.1,3.9,2024-06
2024-06-26,0.2,28.8,4.4,2024-06
2024-06-27,0.2,15.1,2.6,2024-06
2024-06-28,0.0,24.8,3.7,2024-06
2024-06-29,,29.1,6.0,2024-06
2024-06-30,,,2.7,2024-06
2024-07-01,0.3,17.4,3.9,2024-07
2024-07-02,0.3,22.1,6.5,2024-07
2024-07-03,0.2,21.3,6.8,2024-07
2024-07-04,0.3,29.4,9.4,2024-07
2024-07-05,0.3,,21.0,2024-07
2024-07-06,0.4,42.0,8.2,2024-07
2024-07-07,0.5,46.7,12.1,2024-07
2024-07-08,0.4,,11.4,2024-07
2024-07-09,0.3,47.6,13.9,2024-07
2024-07-10,0.3,36.1,8.5,2024-07
2024-07-11,0.2,21.3,5.7,2024-07
2024-07-12,0.3,40.0,8.7,2024-07
2024-07-13,0.3,38.6,9.0,2024-07
2024-07-14,0.3,28.6,9.1,2024-07
2024-07-15,0.3,,6.7,2024-07
2024-07-16,0.3,44.4,9.0,2024-07
2024-07-17,0.3,39.6,9.2,2024-07
2024-07-18,0.2,21.4,5.1,2024-07
2024-07-19,0.2,27.3,4.1,2024-07
2024-07-20,0.2,25.0,4.2,2024-07
2024-07-21,0.3,27.9,5.6,2024-07
2024-07-22,0.2,18.5,5.9,2024-07
2024-07-23,0.2,16.7,2.7,2024-07
2024-07-24,0.2,25.0,5.0,2024-07
2024-07-25,0.2,23.3,4.5,2024-07
2024-07-26,0.1,19.2,6.2,2024-07
2024-07-27,,37.2,8.0,2024-07
2024-07-28,,,4.9,2024-07
2024-07-29,0.1,,4.2,2024-07
2024-07-30,0.2,12.1,2.5,2024-07
2024-07-31,0.3,17.0,4.3,2024-07
2024-08-01,0.3,32.7,6.4,2024-08
2024-08-02,0.3,36.7,10.3,2024-08
2024-08-03,0.4,47.2,12.3,2024-08
2024-08-04,0.4,28.4,8.1,2024-08
2024-08-05,0.3,18.6,9.2,2024-08
2024-08-06,0.3,26.3,7.2,2024-08
2024-08-07,0.3,49.0,10.6,2024-08
2024-08-08,,46.5,13.0,2024-08
2024-08-09,,,18.7,2024-08
2024-08-10,,28.8,9.5,2024-08
2024-08-11,0.2,13.8,3.2,2024-08
2024-08-12,0.2,22.0,5.1,2024-08
2024-08-13,0.3,27.2,6.0,2024-08
2024-08-14,0.3,29.7,9.9,2024-08
2024-08-15,0.2,18.1,4.7,2024-08
2024-08-16,0.3,20.0,7.3,2024-08
2024-08-17,0.2,24.3,8.3,2024-08
2024-08-18,0.3,25.8,6.4,2024-08
2024-08-19,0.3,,5.0,2024-08
2024-08-20,0.2,19.0,5.4,2024-08
2024-08-21,0.2,22.2,5.2,2024-08
2024-08-22,,30.8,8.2,2024-08
2024-08-23,,,8.7,2024-08
2024-08-24,,15.0,6.0,2024-08
2024-08-25,,32.4,6.6,2024-08
2024-08-26,,,9.5,2024-08
2024-08-27,,14.7,6.3,2024-08
2024-08-28,,,7.2,2024-08
2024-08-29,,19.6,8.3,2024-08
2024-08-30,,36.7,10.7,2024-08
2024-08-31,,47.2,10.0,2024-08
2024-09-01,,,13.7,2024-09
2024-09-02,,,4.4,2024-09
2024-09-03,,20.1,6.2,2024-09
2024-09-04,,24.4,8.6,2024-09
2024-09-05,,51.7,13.5,2024-09
2024-09-06,,,17.7,2024-09
2024-09-07,,35.2,15.8,2024-09
2024-09-08,,,9.7,2024-09
2024-09-09,0.3,26.5,7.9,2024-09
2024-09-10,0.3,20.2,7.0,2024-09
2024-09-11,0.3,28.6,6.6,2024-09
2024-09-12,0.4,27.4,7.9,2024-09
2024-09-13,0.3,24.3,9.5,2024-09
2024-09-14,0.3,23.9,5.9,2024-09
2024-09-15,0.2,12.5,5.1,2024-09
2024-09-16,0.4,33.9,8.3,2024-09
2024-09-17,0.4,20.0,6.0,2024-09
2024-09-18,0.2,34.4,6.4,2024-09
2024-09-19,,26.7,10.2,2024-09
2024-09-20,,,8.1,2024-09
2024-09-21,,31.3,11.2,2024-09
2024-09-22,,,11.0,2024-09
2024-09-23,,,6.5,2024-09
2024-09-24,,28.2,9.0,2024-09
2024-09-25,,,6.0,2024-09
2024-09-26,,29.7,6.5,2024-09
2024-09-27,,27.2,6.2,2024-09
2024-09-28,,25.2,9.6,2024-09
2024-09-29,,33.1,6.1,2024-09
2024-09-30,,21.1,6.0,2024-09
2024-10-01,,30.2,8.3,2024-10
2024-10-02,,23.6,7.0,2024-10
2024-10-03,,32.0,9.2,2024-10
2024-10-04,,26.5,9.3,2024-10
2024-10-05,,17.0,6.9,2024-10
2024-10-06,,34.9,11.6,2024-10
2024-10-07,,38.7,12.5,2024-10
2024-10-08,,,7.5,2024-10
2024-10-09,,22.9,6.0,2024-10
2024-10-10,,17.9,6.2,2024-10
2024-10-11,,20.4,10.4,2024-10
2024-10-12,,37.0,15.4,2024-10
2024-10-13,,,14.5,2024-10
2024-10-14,,23.5,10.0,2024-10
2024-10-15,,31.3,5.7,2024-10
2024-10-16,,23.5,5.4,2024-10
2024-10-17,,26.1,6.7,2024-10
2024-10-18,,23.1,5.0,2024-10
2024-10-19,,13.6,4.8,2024-10
2024-10-20,,27.6,5.7,2024-10
2024-10-21,,32.0,4.8,2024-10
2024-10-22,,28.1,6.2,2024-10
2024-10-23,,24.7,10.4,2024-10
2024-10-24,,20.7,7.1,2024-10
2024-10-25,,37.0,8.3,2024-10
2024-10-26,,28.9,5.1,2024-10
2024-10-27,,16.3,5.0,2024-10
2024-10-28,,20.6,6.6,2024-10
2024-10-29,,24.3,8.2,2024-10
2024-10-30,,27.8,6.7,2024-10
2024-10-31,,26.1,6.7,2024-10
2024-11-01,,19.3,5.5,2024-11
2024-11-02,,23.2,6.4,2024-11
2024-11-03,,19.0,7.5,2024-11
2024-11-04,,24.2,7.3,2024-11
2024-11-05,,26.1,7.6,2024-11
2024-11-06,,22.8,7.1,2024-11
2024-11-07,,28.4,14.6,2024-11
2024-11-08,,25.9,12.4,2024-11
2024-11-09,,21.3,18.6,2024-11
2024-11-10,,22.3,12.7,2024-11
2024-11-11,,16.4,4.0,2024-11
2024-11-12,,19.1,4.7,2024-11
2024-11-13,,24.0,4.7,2024-11
2024-11-14,,31.9,3.3,2024-11
2024-11-15,,32.5,6.2,2024-11
2024-11-16,,21.5,5.7,2024-11
2024-11-17,,17.8,3.2,2024-11
2024-11-18,,28.9,3.4,2024-11
2024-11-19,,23.5,3.5,2024-11
2024-11-20,,33.3,6.0,2024-11
2024-11-21,,36.6,11.4,2024-11
2024-11-22,,34.4,3.8,2024-11
2024-11-23,,29.0,7.0,2024-11
2024-11-24,,16.6,7.2,2024-11
2024-11-25,,27.8,5.9,2024-11
2024-11-26,,17.9,7.7,2024-11
2024-11-27,,22.5,10.3,2024-11
2024-11-28,,16.2,8.2,2024-11
2024-11-29,,26.3,12.7,2024-11
2024-11-30,,24.2,13.5,2024-11
2024-12-01,,20.9,13.5,2024-12
2024-12-02,,23.5,16.9,2024-12
2024-12-03,,16.5,10.6,2024-12
2024-12-04,,30.4,22.0,2024-12
2024-12-05,,31.1,14.4,2024-12
2024-12-06,,28.2,14.3,2024-12
2024-12-07,,18.5,7.0,2024-12
2024-12-08,,26.5,5.8,2024-12
2024-12-09,,31.3,7.5,2024-12
2024-12-10,,18.8,6.0,2024-12
2024-12-11,,28.7,14.4,2024-12
2024-12-12,,32.4,12.0,2024-12
2024-12-13,,27.5,7.1,2024-12
2024-12-14,,15.5,4.3,2024-12
2024-12-15,,25.9,5.2,2024-12
2024-12-16,,22.3,4.1,2024-12
2024-12-17,,17.3,2.3,2024-12
2024-12-18,,34.6,6.4,2024-12
2024-12-19,,36.9,6.5,2024-12
2024-12-20,,30.2,8.5,2024-12
2024-12-21,,22.5,9.6,2024-12
2024-12-22,,26.7,4.2,2024-12
2024-12-23,,31.5,5.6,2024-12
2024-12-24,,21.2,6.3,2024-12
2024-12-25,,13.4,2.2,2024-12
2024-12-26,,22.1,4.1,2024-12
2024-12-27,,24.3,4.6,2024-12
2024-12-28,,15.7,4.0,2024-12
2024-12-29,,26.9,5.3,2024-12
2024-12-30,,23.6,3.3,2024-12
2024-12-31,,30.3,5.3,2024-12
